0,apexcharts.js
1,svg.draggable.js
1,svg.easing.js
1,svg.filter.js
1,svg.pathmorphing.js
1,svg.resize.js
2,svg.select.js
6,svg.js
5,axios
2,follow-redirects
4,form-data
2,proxy-from-env
7,@nextcloud/auth
25,core-js
16,tslib
1,asynckit
2,combined-stream
11,mime-types
2,delayed-stream
3,mime-db
0,card
1,node.extend
1,payment
2,qj
14,has
1,is
2,globalthis
17,define-properties
3,object-keys
2,has-property-descriptors
0,clipboard.js
2,good-listener
2,select
3,tiny-emitter
1,delegate
0,cz-cli
2,cachedir
2,cz-conventional-changelog
2,dedent
3,detect-indent
2,find-node-modules
3,find-root
19,fs-extra
20,glob
2,inquirer
2,is-utf8
42,lodash
14,minimist
4,strip-bom
6,strip-json-comments
46,chalk
1,commitizen
1,conventional-commit-types
1,lodash.map
1,longest
2,word-wrap
3,ansi-styles
5,supports-color
7,escape-string-regexp
1,has-ansi
12,strip-ansi
1,has-color
1,@types/color-name
3,color-convert
2,color-name
2,has-flag
1,repeating
3,findup-sync
1,merge
1,detect-file
11,is-glob
10,micromatch
2,resolve-dir
4,is-extglob
2,braces
5,picomatch
2,arr-diff
4,array-unique
11,define-property
13,extend-shallow
1,extglob
3,fragment-cache
15,kind-of
1,nanomatch
3,object.pick
5,regex-not
5,snapdragon
5,to-regex
2,expand-brackets
1,filename-regex
6,normalize-path
1,object.omit
1,parse-glob
1,regex-cache
2,fill-range
1,expand-range
1,preserve
2,repeat-element
3,arr-flatten
14,isobject
1,snapdragon-node
2,split-string
1,to-regex-range
4,is-number
1,randomatic
2,repeat-string
3,expand-tilde
1,global-modules
3,homedir-polyfill
1,parse-passwd
1,global-prefix
3,is-windows
4,ini
6,which
1,isexe
17,graceful-fs
1,jsonfile
3,universalify
1,at-least-node
57,@types/node
2,@types/jsonfile
1,fs.realpath
1,inflight
32,inherits
24,minimatch
6,once
4,path-is-absolute
4,path-type
3,@nodelib/fs.stat
3,@nodelib/fs.walk
5,glob-parent
3,merge2
2,@types/events
3,@types/minimatch
2,wrappy
1,brace-expansion
1,balanced-match
1,concat-map
10,pify
1,@nodelib/fs.scandir
1,fastq
1,run-parallel
1,queue-microtask
1,reusify
1,path-dirname
1,ansi-escapes
2,cli-cursor
1,cli-width
1,external-editor
3,figures
1,mute-stream
1,run-async
1,rxjs
10,string-width
2,through
4,ora
3,wrap-ansi
1,restore-cursor
3,onetime
4,signal-exit
2,mimic-fn
1,chardet
11,iconv-lite
5,tmp
6,safer-buffer
3,os-tmpdir
3,os-homedir
14,rimraf
9,object-assign
1,emoji-regex
1,is-fullwidth-code-point
1,code-point-at
5,ansi-regex
3,bl
1,cli-spinners
1,is-interactive
2,is-unicode-supported
2,log-symbols
1,wcwidth
9,buffer
30,readable-stream
36,safe-buffer
3,base64-js
3,ieee754
4,string_decoder
3,util-deprecate
2,core-util-is
4,isarray
1,process-nextick-args
3,abort-controller
4,events
4,process
1,defaults
3,clone
0,ecma262
1,ecmarkup
1,command-line-args
1,command-line-usage
1,dedent-js
1,ecmarkdown
1,eslint-formatter-codeframe
3,fast-glob
1,grammarkdown
1,highlight.js
1,html-escape
13,js-yaml
3,jsdom
2,nwsapi
2,parse5
1,prex
1,promise-debounce
4,array-back
1,find-replace
1,lodash.camelcase
4,typical
1,table-layout
2,deep-extend
1,wordwrapjs
1,reduce-flatten
13,escape-html
8,@babel/code-frame
1,@babel/highlight
5,@babel/helper-validator-identifier
3,js-tokens
1,@esfx/async-canceltoken
3,@esfx/cancelable
1,@esfx/collections-linkedlist
3,@esfx/disposable
4,@esfx/internal-guards
2,@esfx/internal-tag
2,@esfx/internal-deprecate
1,@esfx/type-model
1,@esfx/collection-core
1,@esfx/equatable
5,argparse
5,esprima
3,sprintf-js
2,abab
7,acorn
1,acorn-globals
2,cssom
1,cssstyle
1,data-urls
2,decimal.js
2,domexception
2,escodegen
1,html-encoding-sniffer
4,http-proxy-agent
6,https-proxy-agent
1,is-potential-custom-element-name
1,saxes
1,symbol-tree
3,tough-cookie
1,w3c-hr-time
1,w3c-xmlserializer
4,webidl-conversions
2,whatwg-encoding
2,whatwg-mimetype
3,whatwg-url
8,ws
3,xml-name-validator
1,array-equal
1,pn
3,request
1,request-promise-native
3,acorn-walk
1,lodash.sortby
1,tr46
4,punycode
6,estraverse
6,esutils
2,optionator
1,deep-is
1,fast-levenshtein
2,levn
3,prelude-ls
2,type-check
3,@tootallnate/once
4,agent-base
69,debug
6,ms
2,@types/ms
1,electron-is-dev
1,electron-localshortcut
6,@babel/helper-module-imports
4,@babel/helper-replace-supers
3,@babel/helper-simple-access
5,@babel/helper-split-export-declaration
7,@babel/template
10,@babel/traverse
30,@babel/types
8,@babel/helper-environment-visitor
1,xmlchars
1,psl
2,ip-regex
1,browser-process-hrtime
1,aws-sign2
1,aws4
1,caseless
9,extend
1,forever-agent
1,har-validator
1,http-signature
3,is-typedarray
1,isstream
3,json-stringify-safe
1,oauth-sign
1,performance-now
5,qs
3,tunnel-agent
9,uuid
1,@types/caseless
1,@types/tough-cookie
2,clone-response
9,get-stream
3,http-cache-semantics
2,keyv
4,lowercase-keys
3,normalize-url
3,responselike
10,ajv
2,har-schema
3,fast-deep-equal
2,fast-json-stable-stringify
1,json-schema-traverse
1,uri-js
1,require-from-string
6,assert-plus
1,jsprim
1,sshpk
2,extsprintf
1,json-schema
1,verror
1,asn1
1,bcrypt-pbkdf
1,dashdash
1,ecc-jsbn
1,getpass
3,jsbn
3,tweetnacl
1,request-promise-core
1,stealthy-require
0,framework
2,aurelia-binding
2,aurelia-dependency-injection
2,aurelia-loader
3,aurelia-logging
5,aurelia-metadata
6,aurelia-pal
3,aurelia-path
3,aurelia-task-queue
1,aurelia-templating
0,gopherjs
4,source-map-support
3,buffer-from
21,source-map
3,@jridgewell/gen-mapping
4,@jridgewell/trace-mapping
7,convert-source-map
1,inline-source-map
2,lodash.memoize
1,muggle-string
0,gpu.js
1,gl
1,gl-wiretap
1,gpu-mock.js
1,webgpu
3,bindings
1,bit-twiddle
1,glsl-tokenizer
2,nan
2,node-abi
1,node-gyp
3,prebuild-install
2,file-uri-to-path
3,through2
6,xtend
41,semver
8,lru-cache
5,yallist
2,pseudomap
3,env-paths
6,nopt
3,npmlog
4,tar
1,make-fetch-happen
1,is-descriptor
1,is-accessor-descriptor
1,is-data-descriptor
4,is-buffer
1,posix-character-classes
1,is-posix-bracket
5,is-extendable
1,assign-symbols
4,is-plain-object
2,safe-regex
1,ret
1,base
3,map-cache
1,source-map-resolve
1,use
1,cache-base
1,class-utils
3,component-emitter
1,mixin-deep
1,pascalcase
2,collection-visit
4,get-value
4,has-value
3,set-value
2,to-object-path
2,union-value
2,unset-value
1,map-visit
2,object-visit
1,has-values
2,arr-union
1,static-extend
1,object-copy
1,copy-descriptor
2,for-in
1,@jridgewell/set-array
2,@jridgewell/sourcemap-codec
1,@jridgewell/resolve-uri
2,atob
3,decode-uri-component
3,resolve-url
2,source-map-url
2,urix
1,abbrev
1,osenv
1,are-we-there-yet
2,console-control-strings
1,gauge
2,set-blocking
2,delegates
1,aproba
1,has-unicode
1,wide-align
1,color-support
3,@types/glob
4,chownr
3,fs-minipass
13,minipass
2,minizlib
17,mkdirp
1,node-addon-api
1,agentkeepalive
1,cacache
1,is-lambda
3,minipass-collect
1,minipass-fetch
3,minipass-flush
3,minipass-pipeline
2,negotiator
1,promise-retry
2,socks-proxy-agent
3,ssri
8,depd
1,humanize-ms
2,@npmcli/fs
2,@npmcli/move-file
2,infer-owner
3,p-map
2,promise-inflight
2,unique-filename
1,@gar/promisify
1,aggregate-error
1,clean-stack
2,indent-string
1,unique-slug
3,imurmurhash
1,minipass-sized
2,err-code
3,retry
1,socks
5,ip
1,smart-buffer
3,yauzl
2,detect-libc
1,expand-template
1,github-from-package
2,mkdirp-classic
1,napi-build-utils
1,noop-logger
4,pump
4,rc
1,simple-get
2,tar-fs
1,which-pm-runs
3,end-of-stream
4,espree
6,globals
7,ignore
4,import-fresh
2,decompress-response
1,simple-concat
3,mimic-response
4,tar-stream
1,fs-constants
3,buffer-alloc
1,to-buffer
0,html2canvas
1,css-line-break
1,text-segmentation
2,utrie
1,base64-arraybuffer
0,JavaScript
5,@babel/core
1,@babel/plugin-transform-runtime
2,@babel/preset-env
1,@ampproject/remapping
3,@babel/generator
6,@babel/helper-compilation-targets
5,@babel/helper-module-transforms
1,@babel/helpers
10,@babel/parser
1,gensync
5,json5
3,jsesc
1,@babel/helper-string-parser
2,to-fast-properties
4,@babel/compat-data
3,@babel/helper-validator-option
12,browserslist
3,caniuse-lite
1,electron-to-chromium
1,node-releases
1,update-browserslist-db
3,colorette
3,escalade
2,picocolors
5,@babel/helper-function-name
2,@babel/helper-hoist-variables
9,type-fest
1,@jest/environment
1,@jest/expect
12,@jest/types
3,jest-mock
1,@jest/fake-timers
1,@sinonjs/fake-timers
3,jest-message-util
8,jest-util
2,@jest/schemas
2,@types/istanbul-lib-coverage
1,@types/istanbul-reports
2,@types/yargs
1,@sinclair/typebox
1,@types/istanbul-lib-report
2,@types/yargs-parser
1,@sinonjs/commons
4,type-detect
1,@types/stack-utils
6,pretty-format
6,slash
1,stack-utils
6,react-is
3,ci-info
3,expect
2,jest-snapshot
2,@jest/expect-utils
6,jest-get-type
2,jest-matcher-utils
3,@babel/plugin-syntax-jsx
1,@babel/plugin-syntax-typescript
1,@jest/transform
1,@types/babel__traverse
1,@types/prettier
1,babel-preset-current-node-syntax
2,jest-diff
3,jest-haste-map
3,natural-compare
79,@babel/helper-plugin-utils
1,babel-plugin-istanbul
2,jest-regex-util
1,pirates
2,write-file-atomic
1,@istanbuljs/load-nyc-config
3,@istanbuljs/schema
1,istanbul-lib-instrument
1,test-exclude
8,camelcase
8,find-up
1,get-package-type
6,resolve-from
1,locate-path
3,path-exists
3,pinkie-promise
2,p-locate
4,p-limit
1,yocto-queue
1,p-try
1,istanbul-lib-coverage
1,@types/graceful-fs
2,anymatch
1,fb-watchman
3,jest-worker
1,walker
1,bser
1,node-int64
1,merge-stream
1,makeerror
1,tmpl
1,typedarray-to-buffer
3,@babel/plugin-syntax-async-generators
1,@babel/plugin-syntax-bigint
2,@babel/plugin-syntax-class-properties
1,@babel/plugin-syntax-import-meta
3,@babel/plugin-syntax-json-strings
3,@babel/plugin-syntax-logical-assignment-operators
3,@babel/plugin-syntax-nullish-coalescing-operator
3,@babel/plugin-syntax-numeric-separator
3,@babel/plugin-syntax-object-rest-spread
3,@babel/plugin-syntax-optional-catch-binding
3,@babel/plugin-syntax-optional-chaining
2,@babel/plugin-syntax-top-level-await
1,diff-sequences
2,babel-plugin-polyfill-corejs2
2,babel-plugin-polyfill-corejs3
2,babel-plugin-polyfill-regenerator
3,@babel/helper-define-polyfill-provider
2,lodash.debounce
15,resolve
3,is-core-module
1,path-parse
1,supports-preserve-symlinks-flag
1,jest-pnp-resolver
1,jest-validate
1,resolve.exports
3,tapable
1,@rollup/pluginutils
1,@types/resolve
1,builtin-modules
1,deepmerge
1,is-module
5,read-pkg-up
1,leven
2,core-js-compat
1,@babel/plugin-bugfix-safari-id-destructuring-collision-in-function-expression
1,@babel/plugin-bugfix-v8-spread-parameters-in-optional-chaining
1,@babel/plugin-proposal-async-generator-functions
2,@babel/plugin-proposal-class-properties
1,@babel/plugin-proposal-class-static-block
1,@babel/plugin-proposal-dynamic-import
1,@babel/plugin-proposal-export-namespace-from
1,@babel/plugin-proposal-json-strings
1,@babel/plugin-proposal-logical-assignment-operators
1,@babel/plugin-proposal-nullish-coalescing-operator
1,@babel/plugin-proposal-numeric-separator
1,@babel/plugin-proposal-object-rest-spread
1,@babel/plugin-proposal-optional-catch-binding
3,@babel/plugin-proposal-optional-chaining
1,@babel/plugin-proposal-private-methods
1,@babel/plugin-proposal-private-property-in-object
2,@babel/plugin-proposal-unicode-property-regex
2,@babel/plugin-syntax-class-static-block
2,@babel/plugin-syntax-dynamic-import
2,@babel/plugin-syntax-export-namespace-from
1,@babel/plugin-syntax-import-assertions
2,@babel/plugin-syntax-private-property-in-object
1,@babel/plugin-transform-arrow-functions
1,@babel/plugin-transform-async-to-generator
1,@babel/plugin-transform-block-scoped-functions
1,@babel/plugin-transform-block-scoping
1,@babel/plugin-transform-classes
1,@babel/plugin-transform-computed-properties
1,@babel/plugin-transform-destructuring
2,@babel/plugin-transform-dotall-regex
1,@babel/plugin-transform-duplicate-keys
1,@babel/plugin-transform-exponentiation-operator
1,@babel/plugin-transform-for-of
1,@babel/plugin-transform-function-name
1,@babel/plugin-transform-literals
1,@babel/plugin-transform-member-expression-literals
1,@babel/plugin-transform-modules-amd
1,@babel/plugin-transform-modules-commonjs
1,@babel/plugin-transform-modules-systemjs
1,@babel/plugin-transform-modules-umd
1,@babel/plugin-transform-named-capturing-groups-regex
1,@babel/plugin-transform-new-target
1,@babel/plugin-transform-object-super
2,@babel/plugin-transform-parameters
1,@babel/plugin-transform-property-literals
1,@babel/plugin-transform-regenerator
1,@babel/plugin-transform-reserved-words
1,@babel/plugin-transform-shorthand-properties
1,@babel/plugin-transform-spread
1,@babel/plugin-transform-sticky-regex
1,@babel/plugin-transform-template-literals
1,@babel/plugin-transform-typeof-symbol
1,@babel/plugin-transform-unicode-escapes
1,@babel/plugin-transform-unicode-regex
1,@babel/preset-modules
3,@babel/helper-skip-transparent-expression-wrappers
2,@babel/helper-remap-async-to-generator
7,@babel/helper-annotate-as-pure
1,@babel/helper-wrap-function
5,@babel/helper-create-class-features-plugin
2,@babel/helper-member-expression-to-functions
3,@babel/helper-optimise-call-expression
4,@babel/helper-create-regexp-features-plugin
1,regexpu-core
2,regenerate
1,regenerate-unicode-properties
1,regjsgen
1,regjsparser
1,unicode-match-property-ecmascript
1,unicode-match-property-value-ecmascript
1,unicode-canonical-property-names-ecmascript
1,unicode-property-aliases-ecmascript
1,@babel/helper-builder-binary-assignment-operator-visitor
1,@babel/helper-explode-assignable-expression
3,babel-plugin-dynamic-import-node
3,object.assign
1,regenerator-transform
32,@babel/runtime
9,regenerator-runtime
0,johnny-five
1,lodash.clonedeep
1,nanotimer
1,temporal
0,jsdoc
1,@babel/eslint-parser
1,@nicolo-ribaudo/eslint-scope-5-internals
7,eslint-visitor-keys
5,eslint-scope
1,esrecurse
2,@types/eslint
6,@types/estree
0,keeweb
1,@babel/plugin-external-helpers
1,@fortawesome/fontawesome-free
1,@keeweb/keeweb-native-messaging-host
1,@keeweb/keeweb-native-modules
1,adm-zip
1,argon2-browser
1,autoprefixer
1,babel-cli
2,babel-eslint
1,babel-loader
1,baron
1,base64-inline-loader
1,base64-loader
1,bourbon
1,chai
1,cross-env
1,css-loader
3,dompurify
1,electron
1,electron-builder
1,electron-evil-feature-patcher
2,electron-notarize
2,electron-osx-sign
5,eslint
1,eslint-config-prettier
2,eslint-config-standard
1,eslint-plugin-babel
2,eslint-plugin-import
1,eslint-plugin-node
1,eslint-plugin-prettier
2,eslint-plugin-promise
1,eslint-plugin-standard
1,exports-loader
1,grunt
1,grunt-chmod
1,grunt-contrib-clean
1,grunt-contrib-compress
1,grunt-contrib-copy
1,grunt-contrib-deb
1,grunt-contrib-htmlmin
1,grunt-contrib-watch
1,grunt-electron
1,grunt-eslint
1,grunt-inline-alt
1,grunt-string-replace
1,grunt-webpack
2,handlebars
1,handlebars-loader
2,html-minifier
1,ignore-loader
5,jquery
1,json-loader
1,jsqrcode
1,kdbxweb
1,load-grunt-tasks
3,marked
1,mini-css-extract-plugin
2,mocha
1,morphdom
7,node-fetch
1,normalize.css
1,optimize-css-assets-webpack-plugin
1,pikaday
1,pkcs11-smartcard-sign
37,postcss
1,postcss-loader
1,prettier
1,puppeteer
1,raw-loader
1,run-remote-task
1,sass
1,sass-loader
1,stats-webpack-plugin
1,string-replace-loader
1,strip-sourcemap-loader
2,sumchecker
1,svg2ttf
1,svgicons2svgfont
2,terser-webpack-plugin
1,time-grunt
1,url-loader
1,wawoff2
1,webpack
1,webpack-bundle-analyzer
1,webpack-dev-server
2,fraction.js
1,normalize-range
23,postcss-value-parser
2,babel-core
1,babel-polyfill
2,babel-register
10,babel-runtime
11,commander
1,fs-readdir-recursive
1,output-file-sync
2,v8flags
2,babel-code-frame
1,babel-generator
1,babel-helpers
3,babel-messages
2,babel-template
2,babel-traverse
4,babel-types
3,babylon
1,private
1,trim-right
2,is-finite
3,number-is-nan
1,invariant
5,loose-envify
1,home-or-tmp
1,user-home
1,find-cache-dir
10,loader-utils
5,make-dir
12,schema-utils
1,commondir
4,pkg-dir
1,big.js
1,emojis-list
2,ajv-keywords
4,@types/json-schema
1,ajv-errors
3,ajv-formats
1,file-loader
4,assertion-error
2,check-error
2,deep-eql
2,get-func-name
2,pathval
4,cross-spawn
2,path-key
1,shebang-command
1,nice-try
1,shebang-regex
3,icss-utils
1,postcss-modules-extract-imports
1,postcss-modules-local-by-default
1,postcss-modules-scope
1,postcss-modules-values
4,cosmiconfig
3,klona
2,nanoid
1,source-map-js
1,js-base64
7,postcss-selector-parser
3,dot-prop
1,indexes-of
1,uniq
1,cssesc
1,is-obj
1,is-directory
2,parse-json
1,@types/parse-json
2,yaml
2,caller-path
1,parent-module
1,caller-callsite
2,callsites
2,@electron/get
3,extract-zip
2,electron-packager
4,got
3,progress
2,sanitize-filename
1,@sindresorhus/is
1,@szmarczak/http-timer
1,cacheable-request
1,duplexer3
1,p-cancelable
1,to-readable-stream
1,url-parse-lax
1,into-stream
1,is-retry-allowed
2,isurl
4,p-timeout
1,timed-out
2,url-to-options
1,@types/cacheable-request
2,@types/responselike
1,cacheable-lookup
1,http2-wrapper
1,defer-to-connect
1,json-buffer
1,prepend-http
1,truncate-utf8-bytes
1,utf8-byte-length
1,concat-stream
3,buffer-crc32
1,fd-slicer
1,pend
1,typedarray
2,asar
2,filenamify
1,galactus
1,get-package-info
1,junk
1,parse-author
2,plist
1,rcedit
4,yargs-parser
2,chromium-pickle-js
5,bluebird
1,compare-version
1,isbinaryfile
1,buffer-alloc-unsafe
1,buffer-fill
2,xmlbuilder
3,xmldom
1,filename-reserved-regex
1,strip-outer
1,trim-repeated
1,flora-colossus
2,lodash.get
2,read-pkg
2,load-json-file
2,normalize-package-data
2,hosted-git-info
1,validate-npm-package-license
1,spdx-correct
2,spdx-expression-parse
2,spdx-license-ids
1,spdx-exceptions
1,author-regex
2,app-builder-lib
4,builder-util
5,builder-util-runtime
1,dmg-builder
4,is-ci
4,lazy-val
2,read-config-file
2,update-notifier
7,yargs
1,@develar/schema-utils
1,@electron/universal
1,@malept/flatpak-bundler
2,7zip-bin
2,async-exit-hook
2,bluebird-lst
3,ejs
1,electron-publish
1,istextorbinary
2,temp-file
1,@malept/cross-spawn-promise
1,dir-compare
2,buffer-equal
4,colors
1,tmp-promise
2,@types/debug
3,@types/fs-extra
1,app-builder-bin
1,stat-mode
7,sax
1,jake
11,async
1,filelist
7,mime
1,binaryextensions
1,editions
1,textextensions
1,errlop
1,version-range
1,version-compare
3,dotenv
1,dotenv-expand
3,boxen
2,configstore
1,has-yarn
1,import-lazy
1,is-installed-globally
1,is-npm
1,is-yarn-global
1,latest-version
1,pupa
1,semver-diff
4,xdg-basedir
1,ansi-align
1,cli-boxes
1,widest-line
1,unique-string
1,crypto-random-string
1,global-dirs
3,is-path-inside
1,package-json
1,registry-auth-token
1,registry-url
1,acorn-jsx
1,escape-goat
1,cliui
1,get-caller-file
1,require-directory
1,require-main-filename
1,which-module
1,y18n
4,decamelize
1,os-locale
1,@eslint/eslintrc
5,doctrine
1,enquirer
6,eslint-utils
2,esquery
1,file-entry-cache
1,functional-red-black-tree
1,json-stable-stringify-without-jsonify
3,regexpp
1,table
4,text-table
1,v8-compile-cache
1,@humanwhocodes/config-array
1,@humanwhocodes/module-importer
1,grapheme-splitter
1,js-sdsl
2,lodash.merge
3,ansi-colors
2,flat-cache
2,flatted
1,eslint-rule-composer
4,array-includes
1,array.prototype.flat
1,contains-path
1,eslint-import-resolver-node
1,eslint-module-utils
4,object.values
1,tsconfig-paths
13,es-abstract
3,is-string
22,call-bind
10,get-intrinsic
1,es-to-primitive
6,function-bind
8,has-symbols
2,is-callable
1,is-negative-zero
3,is-regex
2,object-inspect
1,string.prototype.trimend
1,string.prototype.trimstart
1,unbox-primitive
1,function.prototype.name
1,get-symbol-description
2,internal-slot
1,is-shared-array-buffer
1,is-weakref
3,regexp.prototype.flags
1,safe-regex-test
2,is-date-object
2,is-symbol
2,has-tostringtag
1,has-bigints
1,which-boxed-primitive
1,is-bigint
1,is-boolean-object
1,is-number-object
1,@types/json5
2,eslint-plugin-es
1,prettier-linter-helpers
1,fast-diff
2,dateformat
1,eventemitter2
2,exit
1,grunt-cli
2,grunt-known-options
1,grunt-legacy-log
1,grunt-legacy-util
2,date-time
4,hooker
3,pretty-ms
1,interpret
1,liftup
1,fined
1,flagged-respawn
1,object.map
1,rechoir
1,object.defaults
1,parse-filepath
1,array-each
1,array-slice
3,for-own
1,is-absolute
1,path-root
1,path-root-regex
1,make-iterator
1,grunt-legacy-log-utils
1,getobject
1,underscore.string
1,time-zone
1,parse-ms
1,plur
1,shelljs
1,archiver
2,pretty-bytes
1,stream-buffers
2,archiver-utils
1,zip-stream
1,lazystream
1,lodash.defaults
1,lodash.difference
1,lodash.flatten
2,lodash.isplainobject
1,lodash.union
1,compress-commons
1,crc32-stream
1,crc
1,file-sync-cmp
1,ar-async
1,camel-case
2,clean-css
3,he
1,param-case
1,relateurl
2,uglify-js
2,no-case
1,upper-case
1,lower-case
1,gaze
1,tiny-lr
1,globule
1,body
3,faye-websocket
1,livereload-js
1,continuable-cache
1,error
3,raw-body
1,safe-json-parse
4,bytes
8,http-errors
3,unpipe
2,setprototypeof
5,statuses
1,toidentifier
2,websocket-driver
1,http-parser-js
1,websocket-extensions
1,datauri
2,image-size
1,mimer
1,queue
2,deep-for-each
3,neo-async
1,wordwrap
1,fastparse
4,pako
7,arrify
1,multimatch
2,pkg-up
1,resolve-pkg
1,array-differ
2,array-union
3,webpack-sources
1,source-list-map
1,browser-stdout
3,chokidar
2,diff
2,serialize-javascript
1,workerpool
1,yargs-unparser
1,@ungap/promise-all-settled
1,growl
1,async-each
1,fsevents
1,is-binary-path
1,readdirp
1,upath
1,glob-base
1,is-dotfile
1,is-equal-shallow
1,is-primitive
1,node-pre-gyp
2,needle
1,npm-packlist
1,ignore-walk
1,npm-bundled
1,npm-normalize-package-bin
1,binary-extensions
1,math-random
1,snapdragon-util
6,randombytes
1,flat
4,is-plain-obj
2,data-uri-to-buffer
2,fetch-blob
1,formdata-polyfill
1,cssnano
1,last-call-webpack-plugin
1,cssnano-preset-default
1,is-resolvable
1,css-declaration-sorter
1,cssnano-util-raw-cache
1,postcss-calc
1,postcss-colormin
1,postcss-convert-values
1,postcss-discard-comments
1,postcss-discard-duplicates
1,postcss-discard-empty
1,postcss-discard-overridden
1,postcss-merge-longhand
1,postcss-merge-rules
1,postcss-minify-font-values
1,postcss-minify-gradients
1,postcss-minify-params
1,postcss-minify-selectors
1,postcss-normalize-charset
1,postcss-normalize-display-values
1,postcss-normalize-positions
1,postcss-normalize-repeat-style
1,postcss-normalize-string
1,postcss-normalize-timing-functions
1,postcss-normalize-unicode
1,postcss-normalize-url
1,postcss-normalize-whitespace
1,postcss-ordered-values
1,postcss-reduce-initial
1,postcss-reduce-transforms
1,postcss-svgo
1,postcss-unique-selectors
1,timsort
2,color
1,color-string
2,css-color-names
1,stylehacks
2,caniuse-api
1,cssnano-util-same-parent
1,vendors
1,lodash.uniq
5,cssnano-util-get-arguments
1,is-color-stop
1,hex-color-regex
1,hsl-regex
1,hsla-regex
1,rgb-regex
1,rgba-regex
3,alphanum-sort
2,uniqs
4,cssnano-util-get-match
3,is-absolute-url
4,is-svg
2,svgo
1,html-comment-regex
2,fast-xml-parser
1,coa
1,css-select
1,css-select-base-adapter
2,css-tree
1,csso
1,stable
1,unquote
1,util.promisify
1,@types/q
1,q
2,boolbase
1,css-what
1,domutils
2,nth-check
1,dom-serializer
2,domelementtype
4,entities
1,mdn-data
1,object.getownpropertydescriptors
1,devtools-protocol
2,unbzip2-stream
1,@google-cloud/storage
1,aws-sdk
1,@google-cloud/common
1,@google-cloud/paginator
2,@google-cloud/promisify
2,compressible
1,date-and-time
3,duplexify
5,gaxios
1,gcs-resumable-upload
1,hash-stream-validation
2,pumpify
1,snakeize
3,stream-events
1,@google-cloud/projectify
1,ent
2,google-auth-library
1,retry-request
1,teeny-request
1,stream-shift
2,ecdsa-sig-formatter
1,fast-text-encoding
1,gcp-metadata
1,gtoken
2,jws
6,is-stream
1,event-target-shim
1,json-bigint
1,bignumber.js
1,google-p12-pem
2,node-forge
1,jwa
1,buffer-equal-constant-time
1,stubs
1,jmespath
1,querystring
4,url
2,xml2js
2,@xtuc/ieee754
1,cubic2quad
1,microbuffer
1,svgpath
3,array.prototype.flatmap
1,geometry-interfaces
1,neatequal
1,string.fromcodepoint
1,string.prototype.codepointat
1,svg-pathdata
2,es-shim-unscopables
1,varstream
1,terser
1,@types/eslint-scope
7,@webassemblyjs/ast
1,@webassemblyjs/wasm-edit
3,@webassemblyjs/wasm-parser
1,chrome-trace-event
2,enhanced-resolve
1,es-module-lexer
2,glob-to-regexp
1,json-parse-better-errors
1,loader-runner
1,watchpack
1,@webassemblyjs/helper-numbers
5,@webassemblyjs/helper-wasm-bytecode
1,@webassemblyjs/floating-point-hex-parser
2,@webassemblyjs/helper-api-error
3,@xtuc/long
3,@webassemblyjs/helper-buffer
1,@webassemblyjs/helper-wasm-section
3,@webassemblyjs/wasm-gen
1,@webassemblyjs/wasm-opt
1,@webassemblyjs/wast-printer
2,@webassemblyjs/ieee754
2,@webassemblyjs/leb128
2,@webassemblyjs/utf8
2,gzip-size
1,opener
1,sirv
1,duplexer
1,@polka/url
1,totalist
1,ansi-html
1,bonjour
2,compression
1,connect-history-api-fallback
1,del
4,express
1,html-entities
1,http-proxy-middleware
1,import-local
1,internal-ip
1,killable
1,loglevel
1,opn
1,p-retry
1,portfinder
1,selfsigned
1,serve-index
1,sockjs
1,sockjs-client
1,spdy
1,webpack-dev-middleware
2,webpack-log
2,array-flatten
2,deep-equal
1,dns-equal
1,dns-txt
1,multicast-dns
1,multicast-dns-service-types
1,is-arguments
1,object-is
2,functions-have-names
1,buffer-indexof
1,dns-packet
1,thunky
7,accepts
2,on-headers
4,vary
12,@types/express
6,globby
1,is-path-cwd
1,is-path-in-cwd
1,dir-glob
1,pinkie
2,body-parser
3,content-disposition
4,content-type
3,cookie
2,cookie-signature
5,encodeurl
2,etag
1,finalhandler
3,fresh
1,merge-descriptors
1,methods
5,on-finished
6,parseurl
1,path-to-regexp
2,proxy-addr
3,range-parser
2,send
1,serve-static
3,type-is
2,utils-merge
2,@types/body-parser
2,@types/express-serve-static-core
3,@types/qs
2,@types/serve-static
2,@types/connect
2,ylru
1,ee-first
2,media-typer
1,forwarded
3,ipaddr.js
2,destroy
1,http-proxy
5,eventemitter3
2,requires-port
1,resolve-cwd
1,default-gateway
1,execa
1,npm-run-path
2,p-finally
1,strip-eof
2,is-wsl
2,is-docker
1,batch
1,eventsource
1,json3
3,url-parse
1,original
1,querystringify
1,handle-thing
1,http-deceiver
1,select-hose
1,spdy-transport
2,detect-node
1,hpack.js
2,obuf
2,wbuf
6,minimalistic-assert
1,memory-fs
1,errno
1,prr
0,lowdb
1,steno
0,lx-music-desktop
1,@simonwep/pickr
1,better-sqlite3
1,bufferutil
1,comlink
1,crypto-js
1,electron-log
1,electron-store
1,font-list
1,http-terminator
1,jschardet
1,koa
1,long
2,music-metadata
1,node-id3
2,socket.io
2,sortablejs
2,tunnel
1,utf-8-validate
7,vue
2,vue-router
1,nanopop
2,node-gyp-build
1,conf
1,atomically
1,debounce-fn
1,json-schema-typed
1,delay
1,p-wait-for
1,roarr
2,boolean
1,fast-json-stringify
1,fast-printf
1,safe-stable-stringify
1,semver-compare
1,@fastify/deepmerge
1,fast-uri
1,rfdc
1,cache-content-type
1,cookies
1,http-assert
1,is-generator-function
2,koa-compose
1,koa-convert
1,only
1,keygrip
2,tsscmp
1,electron-is-accelerator
1,keyboardevent-from-electron-accelerator
1,keyboardevents-areequal
1,co
3,@tokenizer/token
9,file-type
2,strtok3
2,token-types
1,readable-web-to-node-stream
1,peek-readable
2,base64id
1,engine.io
1,socket.io-adapter
1,socket.io-parser
1,@types/cookie
1,@types/cors
1,cors
1,engine.io-parser
1,@socket.io/component-emitter
1,vue-eslint-parser
3,@vue/compiler-dom
1,@vue/compiler-sfc
1,@vue/runtime-dom
1,@vue/server-renderer
10,@vue/shared
5,@nextcloud/logger
3,ical.js
2,icalzone
3,@floating-ui/dom
5,@nextcloud/axios
3,@nextcloud/browser-storage
2,@nextcloud/calendar-js
3,@nextcloud/capabilities
3,@nextcloud/dialogs
4,@nextcloud/event-bus
4,@nextcloud/initial-state
8,@nextcloud/l10n
6,@nextcloud/router
2,@nextcloud/vue-select
3,@skjnldsv/sanitize-svg
3,debounce
2,emoji-mart-vue-fast
2,floating-vue
2,focus-trap
2,hammerjs
2,linkify-string
5,md5
2,node-polyfill-webpack-plugin
2,rehype-react
2,remark-breaks
2,remark-external-links
2,remark-parse
2,remark-rehype
2,splitpanes
2,string-length
2,striptags
2,tributejs
7,unified
2,unist-builder
7,unist-util-visit
3,v-click-outside
2,vue-color
3,vue-material-design-icons
3,vue-multiselect
2,vue2-datepicker
2,linkifyjs
2,style-loader
3,v-tooltip
2,vue-visible
2,@testing-library/dom
1,@vue/test-utils
4,vue-resize
1,stylelint-config-html
1,stylelint-config-recommended
8,csstype
3,@vue/compiler-core
4,estree-walker
2,@vue/compiler-ssr
1,@vue/reactivity-transform
2,magic-string
1,sourcemap-codec
1,@vue/runtime-core
1,@vue/reactivity
1,@vue/devtools-api
0,MagicMirror
1,console-stamp
1,digest-fetch
1,express-ipfilter
1,feedme
1,helmet
1,luxon
1,module-alias
5,moment
1,node-ical
2,base-64
1,js-sha256
1,js-sha512
1,charenc
1,crypt
1,@humanwhocodes/object-schema
1,range_check
1,ip6
1,clarinet
2,jed
3,node-gettext
2,moment-timezone
1,rrule
0,mathjs
1,complex.js
1,escape-latex
1,javascript-natural-sort
1,seedrandom
1,typed-function
0,Modernizr
1,file
1,markdown-it
1,requirejs
1,linkify-it
1,mdurl
2,uc.micro
1,lcid
1,invert-kv
0,mojs
1,stylelint-webpack-plugin
0,NeteaseCloudMusicApi
1,express-fileupload
1,pac-proxy-agent
3,qrcode
1,safe-decode-uri-component
1,@types/range-parser
1,@types/mime
1,@types/busboy
1,busboy
1,streamsearch
1,get-uri
1,pac-resolver
1,ftp
1,xregexp
1,degenerator
1,netmask
1,ast-types
1,vm2
1,dijkstrajs
3,pngjs
1,encode-utf8
0,nexe
1,@calebboyd/semaphore
1,app-builder
1,caw
1,download
2,meriyah
1,multistream
1,resolve-dependencies
1,get-proxy
1,npm-conf
2,config-chain
1,proto-list
1,has-to-string-tag-x
1,is-object
1,has-symbol-support-x
1,@types/decompress
1,@types/got
1,archive-type
1,decompress
1,ext-name
1,p-event
3,decompress-tar
1,decompress-tarbz2
1,decompress-targz
1,decompress-unzip
1,strip-dirs
1,seek-bzip
1,is-natural-number
1,ext-list
1,sort-keys-length
1,sort-keys
1,from2
1,p-is-promise
1,@types/http-cache-semantics
1,@types/keyv
2,quick-lru
1,resolve-alpn
0,nightwatch
1,@nightwatch/chai
1,@nightwatch/html-reporter-template
1,ansi-to-html
1,chai-nightwatch
1,cli-table3
1,didyoumean
1,envinfo
1,lodash.clone
1,lodash.defaultsdeep
1,lodash.escape
1,lodash.pick
1,mkpath
1,nightwatch-axe-verbose
2,open
1,selenium-webdriver
1,stacktrace-parser
1,untildify
1,loupe
1,lodash._baseclone
1,lodash._bindcallback
1,lodash._isiterateecall
1,lodash._arraycopy
1,lodash._arrayeach
1,lodash._baseassign
1,lodash._basefor
2,lodash.isarray
2,lodash.keys
1,lodash._basecopy
1,lodash._getnative
1,lodash.isarguments
1,axe-core
1,define-lazy-prop
1,@types/ws
2,jszip
1,lie
2,setimmediate
1,immediate
0,nock
1,propagate
0,peerjs
1,@swc/helpers
1,peerjs-js-binarypack
1,webrtc-adapter
1,sdp
0,phaser
0,recharts
2,classnames
1,react-resize-detector
1,react-smooth
1,recharts-scale
1,reduce-css-calc
1,victory-vendor
1,fast-equals
2,react-transition-group
1,dom-helpers
11,prop-types
2,react-lifecycles-compat
12,@types/react
1,decimal.js-light
1,css-unit-converter
1,@types/d3-array
1,@types/d3-ease
1,@types/d3-interpolate
1,@types/d3-scale
1,@types/d3-shape
3,@types/d3-time
1,@types/d3-timer
2,d3-array
1,d3-ease
2,d3-interpolate
1,d3-scale
1,d3-shape
2,d3-time
1,d3-timer
2,@types/d3-color
2,@types/d3-path
1,d3-color
1,d3-format
1,d3-time-format
1,d3-path
0,selenium
1,@apollo/client
1,@emotion/react
1,@emotion/styled
1,@mui/icons-material
1,@mui/material
1,@novnc/novnc
2,@types/react-dom
1,@types/react-modal
1,@types/react-router-dom
1,graphql
1,graphql.macro
1,react
1,react-dom
1,react-modal
1,react-router-dom
1,source-map-explorer
1,ts-standard
1,@graphql-typed-document-node/core
2,@wry/context
1,@wry/equality
2,@wry/trie
2,graphql-tag
3,hoist-non-react-statics
1,optimism
1,response-iterator
1,symbol-observable
1,ts-invariant
1,zen-observable-ts
1,zen-observable
3,@emotion/babel-plugin
3,@emotion/cache
4,@emotion/serialize
3,@emotion/use-insertion-effect-with-fallbacks
5,@emotion/utils
3,@emotion/weak-memoize
2,@emotion/hash
4,@emotion/memoize
2,babel-plugin-macros
2,stylis
1,@emotion/unitless
1,@emotion/sheet
2,@emotion/is-prop-valid
1,@mui/base
1,@mui/core-downloads-tracker
1,@mui/system
3,@mui/types
4,@mui/utils
1,@types/react-transition-group
3,clsx
2,@popperjs/core
3,@types/prop-types
1,@types/react-is
2,@types/scheduler
1,@mui/private-theming
1,@mui/styled-engine
4,@types/history
2,@types/react-router
1,babel-literal-to-ast
1,@babel/plugin-transform-react-display-name
2,@babel/plugin-transform-react-jsx
1,@babel/plugin-transform-react-jsx-development
1,@babel/plugin-transform-react-pure-annotations
2,array.prototype.tosorted
2,jsx-ast-utils
2,object.entries
2,object.fromentries
2,object.hasown
2,string.prototype.matchall
1,@types/aria-query
1,aria-query
1,dom-accessibility-api
1,lz-string
2,side-channel
1,scheduler
1,exenv
1,warning
2,history
1,react-router
1,btoa
1,temp
1,@typescript-eslint/eslint-plugin
2,@typescript-eslint/parser
1,eslint-config-standard-jsx
1,eslint-config-standard-with-typescript
1,eslint-plugin-n
1,eslint-plugin-react
2,pkg-conf
1,standard-engine
3,@typescript-eslint/scope-manager
1,@typescript-eslint/type-utils
2,@typescript-eslint/utils
1,natural-compare-lite
3,tsutils
5,@typescript-eslint/types
2,@typescript-eslint/visitor-keys
3,@typescript-eslint/typescript-estree
2,@types/semver
1,builtins
1,get-stdin
0,server
1,@chenfengyuan/vue-qrcode
1,@mdi/svg
2,@nextcloud/browserslist-config
1,@nextcloud/calendar-availability-vue
1,@nextcloud/files
1,@nextcloud/moment
1,@nextcloud/password-confirmation
1,@nextcloud/paths
1,@nextcloud/sharing
4,@nextcloud/vue
1,@nextcloud/vue-dashboard
1,autosize
1,backbone
1,blueimp-md5
1,browserslist-useragent-regexp
1,clipboard
1,colord
1,davclient.js
1,focus-visible
1,jquery-migrate
1,jquery-ui
1,jquery-ui-dist
1,libphonenumber-js
1,nextcloud-vue-collections
1,node-vibrant
1,p-queue
1,path
1,query-string
1,select2
1,snap.js
1,strengthify
1,throttle-debounce
2,underscore
1,url-search-params-polyfill
1,vue-click-outside
1,vue-cropperjs
1,vue-infinite-loading
1,vue-localstorage
1,vuedraggable
1,vuex
1,vuex-router-sync
1,webdav
2,@nextcloud/typings
1,@types/jquery
1,toastify-js
1,@floating-ui/core
1,strnum
1,@babel/polyfill
1,vue-virtual-scroller
1,scrollparent
1,vue-observe-visibility
1,tabbable
1,assert
1,browserify-zlib
1,console-browserify
1,constants-browserify
1,crypto-browserify
1,domain-browser
2,filter-obj
1,https-browserify
1,os-browserify
1,path-browserify
1,querystring-es3
1,stream-browserify
1,stream-http
1,timers-browserify
1,tty-browserify
2,util
1,vm-browserify
1,browserify-cipher
1,browserify-sign
1,create-ecdh
6,create-hash
3,create-hmac
1,diffie-hellman
2,pbkdf2
1,public-encrypt
1,randomfill
2,browserify-aes
1,browserify-des
3,evp_bytestokey
1,buffer-xor
4,cipher-base
2,md5.js
3,ripemd160
3,sha.js
2,hash-base
1,des.js
8,bn.js
2,browserify-rsa
2,elliptic
2,parse-asn1
2,brorand
2,hash.js
1,hmac-drbg
2,minimalistic-crypto-utils
2,asn1.js
1,miller-rabin
1,builtin-status-codes
1,@mapbox/hast-util-table-cell-style
4,@types/hast
1,hast-to-hyperscript
1,hast-util-whitespace
1,unist-util-visit-parents
13,@types/unist
2,unist-util-is
1,comma-separated-tokens
1,property-information
2,space-separated-tokens
1,style-to-object
1,web-namespaces
1,inline-style-parser
1,bail
1,trough
1,vfile
3,unist-util-stringify-position
1,vfile-message
8,@types/mdast
2,mdast-util-definitions
1,mdast-util-from-markdown
4,decode-named-character-reference
1,mdast-util-to-string
1,micromark
3,micromark-util-decode-numeric-character-reference
1,micromark-util-decode-string
3,micromark-util-normalize-identifier
15,micromark-util-symbol
13,micromark-util-types
6,uvu
1,character-entities
1,micromark-core-commonmark
4,micromark-factory-space
10,micromark-util-character
4,micromark-util-chunked
1,micromark-util-combine-extensions
2,micromark-util-encode
2,micromark-util-resolve-all
2,micromark-util-sanitize-uri
2,micromark-util-subtokenize
1,micromark-factory-destination
1,micromark-factory-label
1,micromark-factory-title
1,micromark-factory-whitespace
1,micromark-util-classify-character
1,micromark-util-html-tag-name
1,dequal
1,kleur
1,sade
1,mri
1,mdast-util-to-hast
1,trim-lines
1,unist-util-generated
1,unist-util-position
1,char-regex
1,clamp
1,lodash.throttle
1,material-colors
2,tinycolor2
1,date-format-parse
2,popper.js
1,dom-event-types
1,pretty
1,condense-newlines
1,js-beautify
1,is-whitespace
1,editorconfig
1,sigmund
1,argue-cli
1,easy-table
1,useragent
1,@jimp/custom
1,@jimp/plugin-resize
1,@jimp/types
1,@types/lodash
1,@jimp/core
6,@jimp/utils
1,any-base
1,exif-parser
1,load-bmfont
2,phin
1,pixelmatch
1,parse-bmfont-ascii
1,parse-bmfont-binary
1,parse-bmfont-xml
1,xhr
1,xml-parse-from-string
1,global
1,is-function
1,parse-headers
1,min-document
1,dom-walk
1,@jimp/bmp
1,@jimp/gif
1,@jimp/jpeg
1,@jimp/png
1,@jimp/tiff
1,timm
2,bmp-js
1,gifwrap
2,omggif
1,image-q
1,jpeg-js
1,utif
1,split-on-first
1,strict-uri-encode
1,cropperjs
1,byte-length
1,hot-patcher
1,layerr
1,nested-property
1,path-posix
1,url-join
0,showdown
0,simplefolio
1,bootstrap
1,vanilla-tilt
0,tesseract.js
1,idb-keyval
1,is-electron
1,is-url
1,opencollective-postinstall
1,tesseract.js-core
1,wasm-feature-detect
1,zlibjs
0,TypeScript-Node-Starter
1,bcrypt-nodejs
1,connect-mongo
1,errorhandler
1,express-flash
1,express-session
1,express-validator
1,fbgraph
1,lusca
1,mongoose
1,nodemailer
1,passport
1,passport-facebook
1,passport-local
1,pug
2,winston
1,kruptein
2,mongodb
2,@types/bson
2,bson
1,denque
1,require_optional
1,connect-flash
1,uid-safe
1,random-bytes
2,validator
1,@types/mongodb
1,kareem
1,mongoose-legacy-pluralize
1,mpath
1,mquery
2,regexp-clone
1,sift
2,sliced
3,passport-strategy
1,pause
4,@types/passport
1,passport-oauth2
1,base64url
1,oauth
1,uid2
1,@types/passport-strategy
1,@dabh/diagnostics
1,logform
1,one-time
1,stack-trace
3,triple-beam
1,winston-transport
1,colorspace
1,enabled
1,kuler
1,text-hex
1,simple-swizzle
1,is-arrayish
1,fast-safe-stringify
1,fecha
1,fn.name
0,wtfjs
1,default-pager
1,meow
1,msee
2,@types/minimist
1,camelcase-keys
1,decamelize-keys
1,hard-rejection
1,minimist-options
1,redent
1,trim-newlines
2,map-obj
1,strip-indent
1,min-indent
2,ansicolors
1,cardinal
1,combined-stream-wait-for-it
1,table-header
1,wcstring
1,redeyed
1,varsize-string
1,wcsize
0,zx
1,@types/ps-tree
1,@types/which
1,ps-tree
1,webpod
1,node-domexception
1,web-streams-polyfill
0,
1,undefined
