apexcharts.js,svg.draggable.js
apexcharts.js,svg.easing.js
apexcharts.js,svg.filter.js
apexcharts.js,svg.pathmorphing.js
apexcharts.js,svg.resize.js
apexcharts.js,svg.select.js
apexcharts.js,@babel/core
apexcharts.js,@babel/plugin-proposal-class-properties
apexcharts.js,@babel/preset-env
apexcharts.js,@rollup/plugin-babel
apexcharts.js,@rollup/plugin-json
apexcharts.js,@rollup/plugin-node-resolve
apexcharts.js,@rollup/plugin-replace
apexcharts.js,@rollup/plugin-strip
apexcharts.js,babel-eslint
apexcharts.js,babel-jest
apexcharts.js,babel-loader
apexcharts.js,babel-plugin-istanbul
apexcharts.js,chalk
apexcharts.js,css-loader
apexcharts.js,eslint
apexcharts.js,eslint-config-prettier
apexcharts.js,eslint-loader
apexcharts.js,eslint-plugin-import
apexcharts.js,eslint-plugin-prettier
apexcharts.js,eslint-plugin-promise
apexcharts.js,fs-extra
apexcharts.js,jest
apexcharts.js,nunjucks
apexcharts.js,nyc
apexcharts.js,pixelmatch
apexcharts.js,pngjs
apexcharts.js,postcss
apexcharts.js,prettier
apexcharts.js,puppeteer
apexcharts.js,puppeteer-cluster
apexcharts.js,rollup
apexcharts.js,rollup-plugin-babel
apexcharts.js,rollup-plugin-copy-glob
apexcharts.js,rollup-plugin-postcss
apexcharts.js,rollup-plugin-svgo
apexcharts.js,rollup-plugin-terser
apexcharts.js,style-loader
apexcharts.js,svg-inline-loader
apexcharts.js,terser
apexcharts.js,tslint
apexcharts.js,typescript
apexcharts.js,webpack
apexcharts.js,webpack-bundle-analyzer
apexcharts.js,webpack-cli
svg.draggable.js,svg.js
svg.easing.js,svg.js
svg.filter.js,svg.js
svg.pathmorphing.js,svg.js
svg.resize.js,svg.js
svg.resize.js,svg.select.js
svg.select.js,svg.js
@babel/core,@babel/code-frame
@babel/core,@babel/generator
@babel/core,@babel/helper-compilation-targets
@babel/core,@babel/helper-module-transforms
@babel/core,@babel/helpers
@babel/core,@babel/parser
@babel/core,@babel/template
@babel/core,@babel/traverse
@babel/core,@babel/types
@babel/core,convert-source-map
@babel/core,debug
@babel/core,gensync
@babel/core,json5
@babel/core,semver
@babel/core,source-map
@babel/code-frame,@babel/highlight
@babel/highlight,@babel/helper-validator-identifier
@babel/highlight,chalk
@babel/highlight,js-tokens
chalk,ansi-styles
chalk,escape-string-regexp
chalk,supports-color
chalk,has-ansi
chalk,strip-ansi
ansi-styles,color-convert
color-convert,color-name
supports-color,has-flag
has-ansi,ansi-regex
strip-ansi,ansi-regex
@babel/generator,@babel/types
@babel/generator,jsesc
@babel/generator,source-map
@babel/types,@babel/helper-validator-identifier
@babel/types,to-fast-properties
@babel/helper-compilation-targets,@babel/compat-data
@babel/helper-compilation-targets,@babel/helper-validator-option
@babel/helper-compilation-targets,browserslist
@babel/helper-compilation-targets,semver
browserslist,caniuse-lite
browserslist,colorette
browserslist,electron-to-chromium
browserslist,escalade
browserslist,node-releases
@babel/helper-module-transforms,@babel/helper-module-imports
@babel/helper-module-transforms,@babel/helper-replace-supers
@babel/helper-module-transforms,@babel/helper-simple-access
@babel/helper-module-transforms,@babel/helper-split-export-declaration
@babel/helper-module-transforms,@babel/helper-validator-identifier
@babel/helper-module-transforms,@babel/template
@babel/helper-module-transforms,@babel/traverse
@babel/helper-module-transforms,@babel/types
@babel/helper-module-imports,@babel/types
@babel/helper-replace-supers,@babel/helper-member-expression-to-functions
@babel/helper-replace-supers,@babel/helper-optimise-call-expression
@babel/helper-replace-supers,@babel/traverse
@babel/helper-replace-supers,@babel/types
@babel/helper-member-expression-to-functions,@babel/types
@babel/helper-optimise-call-expression,@babel/types
@babel/traverse,@babel/code-frame
@babel/traverse,@babel/generator
@babel/traverse,@babel/helper-function-name
@babel/traverse,@babel/helper-hoist-variables
@babel/traverse,@babel/helper-split-export-declaration
@babel/traverse,@babel/parser
@babel/traverse,@babel/types
@babel/traverse,debug
@babel/traverse,globals
@babel/helper-function-name,@babel/helper-get-function-arity
@babel/helper-function-name,@babel/template
@babel/helper-function-name,@babel/types
@babel/helper-get-function-arity,@babel/types
@babel/template,@babel/code-frame
@babel/template,@babel/parser
@babel/template,@babel/types
@babel/helper-hoist-variables,@babel/types
@babel/helper-split-export-declaration,@babel/types
debug,ms
ms,@babel/helper-module-imports
ms,@babel/helper-replace-supers
ms,@babel/helper-simple-access
ms,@babel/helper-split-export-declaration
ms,@babel/helper-validator-identifier
ms,@babel/template
ms,@babel/traverse
ms,@babel/types
@babel/helper-simple-access,@babel/types
globals,type-fest
globals,@jest/environment
globals,@jest/types
globals,expect
globals,acorn
globals,acorn-walk
@jest/environment,@jest/fake-timers
@jest/environment,@jest/types
@jest/environment,@types/node
@jest/environment,jest-mock
@jest/fake-timers,@jest/types
@jest/fake-timers,@sinonjs/fake-timers
@jest/fake-timers,@types/node
@jest/fake-timers,jest-message-util
@jest/fake-timers,jest-mock
@jest/fake-timers,jest-util
@jest/types,@types/istanbul-lib-coverage
@jest/types,@types/istanbul-reports
@jest/types,@types/node
@jest/types,@types/yargs
@jest/types,chalk
@types/istanbul-reports,@types/istanbul-lib-report
@types/istanbul-lib-report,@types/istanbul-lib-coverage
@types/yargs,@types/yargs-parser
@sinonjs/fake-timers,@sinonjs/commons
@sinonjs/commons,type-detect
jest-message-util,@babel/code-frame
jest-message-util,@jest/types
jest-message-util,@types/stack-utils
jest-message-util,chalk
jest-message-util,graceful-fs
jest-message-util,micromatch
jest-message-util,pretty-format
jest-message-util,slash
jest-message-util,stack-utils
graceful-fs,@types/node
micromatch,braces
micromatch,picomatch
braces,fill-range
fill-range,to-regex-range
to-regex-range,is-number
pretty-format,@jest/types
pretty-format,ansi-regex
pretty-format,ansi-styles
pretty-format,react-is
jest-mock,@jest/types
jest-mock,@types/node
jest-util,@jest/types
jest-util,@types/node
jest-util,chalk
jest-util,ci-info
jest-util,graceful-fs
jest-util,picomatch
expect,@jest/types
expect,ansi-styles
expect,jest-get-type
expect,jest-matcher-utils
expect,jest-message-util
expect,jest-regex-util
jest-matcher-utils,chalk
jest-matcher-utils,jest-diff
jest-matcher-utils,jest-get-type
jest-matcher-utils,pretty-format
jest-diff,chalk
jest-diff,diff-sequences
jest-diff,jest-get-type
jest-diff,pretty-format
@babel/helpers,@babel/template
@babel/helpers,@babel/traverse
@babel/helpers,@babel/types
convert-source-map,safe-buffer
@babel/plugin-proposal-class-properties,@babel/helper-create-class-features-plugin
@babel/plugin-proposal-class-properties,@babel/helper-plugin-utils
@babel/helper-create-class-features-plugin,@babel/helper-annotate-as-pure
@babel/helper-create-class-features-plugin,@babel/helper-function-name
@babel/helper-create-class-features-plugin,@babel/helper-member-expression-to-functions
@babel/helper-create-class-features-plugin,@babel/helper-optimise-call-expression
@babel/helper-create-class-features-plugin,@babel/helper-replace-supers
@babel/helper-create-class-features-plugin,@babel/helper-split-export-declaration
@babel/helper-annotate-as-pure,@babel/types
@babel/preset-env,@babel/compat-data
@babel/preset-env,@babel/helper-compilation-targets
@babel/preset-env,@babel/helper-plugin-utils
@babel/preset-env,@babel/helper-validator-option
@babel/preset-env,@babel/plugin-bugfix-v8-spread-parameters-in-optional-chaining
@babel/preset-env,@babel/plugin-proposal-async-generator-functions
@babel/preset-env,@babel/plugin-proposal-class-properties
@babel/preset-env,@babel/plugin-proposal-class-static-block
@babel/preset-env,@babel/plugin-proposal-dynamic-import
@babel/preset-env,@babel/plugin-proposal-export-namespace-from
@babel/preset-env,@babel/plugin-proposal-json-strings
@babel/preset-env,@babel/plugin-proposal-logical-assignment-operators
@babel/preset-env,@babel/plugin-proposal-nullish-coalescing-operator
@babel/preset-env,@babel/plugin-proposal-numeric-separator
@babel/preset-env,@babel/plugin-proposal-object-rest-spread
@babel/preset-env,@babel/plugin-proposal-optional-catch-binding
@babel/preset-env,@babel/plugin-proposal-optional-chaining
@babel/preset-env,@babel/plugin-proposal-private-methods
@babel/preset-env,@babel/plugin-proposal-private-property-in-object
@babel/preset-env,@babel/plugin-proposal-unicode-property-regex
@babel/preset-env,@babel/plugin-syntax-async-generators
@babel/preset-env,@babel/plugin-syntax-class-properties
@babel/preset-env,@babel/plugin-syntax-class-static-block
@babel/preset-env,@babel/plugin-syntax-dynamic-import
@babel/preset-env,@babel/plugin-syntax-export-namespace-from
@babel/preset-env,@babel/plugin-syntax-json-strings
@babel/preset-env,@babel/plugin-syntax-logical-assignment-operators
@babel/preset-env,@babel/plugin-syntax-nullish-coalescing-operator
@babel/preset-env,@babel/plugin-syntax-numeric-separator
@babel/preset-env,@babel/plugin-syntax-object-rest-spread
@babel/preset-env,@babel/plugin-syntax-optional-catch-binding
@babel/preset-env,@babel/plugin-syntax-optional-chaining
@babel/preset-env,@babel/plugin-syntax-private-property-in-object
@babel/preset-env,@babel/plugin-syntax-top-level-await
@babel/preset-env,@babel/plugin-transform-arrow-functions
@babel/preset-env,@babel/plugin-transform-async-to-generator
@babel/preset-env,@babel/plugin-transform-block-scoped-functions
@babel/preset-env,@babel/plugin-transform-block-scoping
@babel/preset-env,@babel/plugin-transform-classes
@babel/preset-env,@babel/plugin-transform-computed-properties
@babel/preset-env,@babel/plugin-transform-destructuring
@babel/preset-env,@babel/plugin-transform-dotall-regex
@babel/preset-env,@babel/plugin-transform-duplicate-keys
@babel/preset-env,@babel/plugin-transform-exponentiation-operator
@babel/preset-env,@babel/plugin-transform-for-of
@babel/preset-env,@babel/plugin-transform-function-name
@babel/preset-env,@babel/plugin-transform-literals
@babel/preset-env,@babel/plugin-transform-member-expression-literals
@babel/preset-env,@babel/plugin-transform-modules-amd
@babel/preset-env,@babel/plugin-transform-modules-commonjs
@babel/preset-env,@babel/plugin-transform-modules-systemjs
@babel/preset-env,@babel/plugin-transform-modules-umd
@babel/preset-env,@babel/plugin-transform-named-capturing-groups-regex
@babel/preset-env,@babel/plugin-transform-new-target
@babel/preset-env,@babel/plugin-transform-object-super
@babel/preset-env,@babel/plugin-transform-parameters
@babel/preset-env,@babel/plugin-transform-property-literals
@babel/preset-env,@babel/plugin-transform-regenerator
@babel/preset-env,@babel/plugin-transform-reserved-words
@babel/preset-env,@babel/plugin-transform-shorthand-properties
@babel/preset-env,@babel/plugin-transform-spread
@babel/preset-env,@babel/plugin-transform-sticky-regex
@babel/preset-env,@babel/plugin-transform-template-literals
@babel/preset-env,@babel/plugin-transform-typeof-symbol
@babel/preset-env,@babel/plugin-transform-unicode-escapes
@babel/preset-env,@babel/plugin-transform-unicode-regex
@babel/preset-env,@babel/preset-modules
@babel/preset-env,@babel/types
@babel/preset-env,babel-plugin-polyfill-corejs2
@babel/preset-env,babel-plugin-polyfill-corejs3
@babel/preset-env,babel-plugin-polyfill-regenerator
@babel/preset-env,core-js-compat
@babel/preset-env,semver
@babel/plugin-bugfix-v8-spread-parameters-in-optional-chaining,@babel/helper-plugin-utils
@babel/plugin-bugfix-v8-spread-parameters-in-optional-chaining,@babel/helper-skip-transparent-expression-wrappers
@babel/plugin-bugfix-v8-spread-parameters-in-optional-chaining,@babel/plugin-proposal-optional-chaining
@babel/helper-skip-transparent-expression-wrappers,@babel/types
@babel/plugin-proposal-optional-chaining,@babel/helper-plugin-utils
@babel/plugin-proposal-optional-chaining,@babel/helper-skip-transparent-expression-wrappers
@babel/plugin-proposal-optional-chaining,@babel/plugin-syntax-optional-chaining
@babel/plugin-syntax-optional-chaining,@babel/helper-plugin-utils
@babel/plugin-proposal-async-generator-functions,@babel/helper-plugin-utils
@babel/plugin-proposal-async-generator-functions,@babel/helper-remap-async-to-generator
@babel/plugin-proposal-async-generator-functions,@babel/plugin-syntax-async-generators
@babel/helper-remap-async-to-generator,@babel/helper-annotate-as-pure
@babel/helper-remap-async-to-generator,@babel/helper-wrap-function
@babel/helper-remap-async-to-generator,@babel/types
@babel/helper-wrap-function,@babel/helper-function-name
@babel/helper-wrap-function,@babel/template
@babel/helper-wrap-function,@babel/traverse
@babel/helper-wrap-function,@babel/types
@babel/plugin-syntax-async-generators,@babel/helper-plugin-utils
@babel/plugin-proposal-class-static-block,@babel/helper-create-class-features-plugin
@babel/plugin-proposal-class-static-block,@babel/helper-plugin-utils
@babel/plugin-proposal-class-static-block,@babel/plugin-syntax-class-static-block
@babel/plugin-syntax-class-static-block,@babel/helper-plugin-utils
@babel/plugin-proposal-dynamic-import,@babel/helper-plugin-utils
@babel/plugin-proposal-dynamic-import,@babel/plugin-syntax-dynamic-import
@babel/plugin-syntax-dynamic-import,@babel/helper-plugin-utils
@babel/plugin-proposal-export-namespace-from,@babel/helper-plugin-utils
@babel/plugin-proposal-export-namespace-from,@babel/plugin-syntax-export-namespace-from
@babel/plugin-syntax-export-namespace-from,@babel/helper-plugin-utils
@babel/plugin-proposal-json-strings,@babel/helper-plugin-utils
@babel/plugin-proposal-json-strings,@babel/plugin-syntax-json-strings
@babel/plugin-syntax-json-strings,@babel/helper-plugin-utils
@babel/plugin-proposal-logical-assignment-operators,@babel/helper-plugin-utils
@babel/plugin-proposal-logical-assignment-operators,@babel/plugin-syntax-logical-assignment-operators
@babel/plugin-syntax-logical-assignment-operators,@babel/helper-plugin-utils
@babel/plugin-proposal-nullish-coalescing-operator,@babel/helper-plugin-utils
@babel/plugin-proposal-nullish-coalescing-operator,@babel/plugin-syntax-nullish-coalescing-operator
@babel/plugin-syntax-nullish-coalescing-operator,@babel/helper-plugin-utils
@babel/plugin-proposal-numeric-separator,@babel/helper-plugin-utils
@babel/plugin-proposal-numeric-separator,@babel/plugin-syntax-numeric-separator
@babel/plugin-syntax-numeric-separator,@babel/helper-plugin-utils
@babel/plugin-proposal-object-rest-spread,@babel/compat-data
@babel/plugin-proposal-object-rest-spread,@babel/helper-compilation-targets
@babel/plugin-proposal-object-rest-spread,@babel/helper-plugin-utils
@babel/plugin-proposal-object-rest-spread,@babel/plugin-syntax-object-rest-spread
@babel/plugin-proposal-object-rest-spread,@babel/plugin-transform-parameters
@babel/plugin-syntax-object-rest-spread,@babel/helper-plugin-utils
@babel/plugin-transform-parameters,@babel/helper-plugin-utils
@babel/plugin-proposal-optional-catch-binding,@babel/helper-plugin-utils
@babel/plugin-proposal-optional-catch-binding,@babel/plugin-syntax-optional-catch-binding
@babel/plugin-syntax-optional-catch-binding,@babel/helper-plugin-utils
@babel/plugin-proposal-private-methods,@babel/helper-create-class-features-plugin
@babel/plugin-proposal-private-methods,@babel/helper-plugin-utils
@babel/plugin-proposal-private-property-in-object,@babel/helper-annotate-as-pure
@babel/plugin-proposal-private-property-in-object,@babel/helper-create-class-features-plugin
@babel/plugin-proposal-private-property-in-object,@babel/helper-plugin-utils
@babel/plugin-proposal-private-property-in-object,@babel/plugin-syntax-private-property-in-object
@babel/plugin-syntax-private-property-in-object,@babel/helper-plugin-utils
@babel/plugin-proposal-unicode-property-regex,@babel/helper-create-regexp-features-plugin
@babel/plugin-proposal-unicode-property-regex,@babel/helper-plugin-utils
@babel/helper-create-regexp-features-plugin,@babel/helper-annotate-as-pure
@babel/helper-create-regexp-features-plugin,regexpu-core
regexpu-core,regenerate
regexpu-core,regenerate-unicode-properties
regexpu-core,regjsgen
regexpu-core,regjsparser
regexpu-core,unicode-match-property-ecmascript
regexpu-core,unicode-match-property-value-ecmascript
regenerate-unicode-properties,regenerate
regjsparser,jsesc
unicode-match-property-ecmascript,unicode-canonical-property-names-ecmascript
unicode-match-property-ecmascript,unicode-property-aliases-ecmascript
@babel/plugin-syntax-class-properties,@babel/helper-plugin-utils
@babel/plugin-syntax-top-level-await,@babel/helper-plugin-utils
@babel/plugin-transform-arrow-functions,@babel/helper-plugin-utils
@babel/plugin-transform-async-to-generator,@babel/helper-module-imports
@babel/plugin-transform-async-to-generator,@babel/helper-plugin-utils
@babel/plugin-transform-async-to-generator,@babel/helper-remap-async-to-generator
@babel/plugin-transform-block-scoped-functions,@babel/helper-plugin-utils
@babel/plugin-transform-block-scoping,@babel/helper-plugin-utils
@babel/plugin-transform-classes,@babel/helper-annotate-as-pure
@babel/plugin-transform-classes,@babel/helper-function-name
@babel/plugin-transform-classes,@babel/helper-optimise-call-expression
@babel/plugin-transform-classes,@babel/helper-plugin-utils
@babel/plugin-transform-classes,@babel/helper-replace-supers
@babel/plugin-transform-classes,@babel/helper-split-export-declaration
@babel/plugin-transform-classes,globals
@babel/plugin-transform-computed-properties,@babel/helper-plugin-utils
@babel/plugin-transform-destructuring,@babel/helper-plugin-utils
@babel/plugin-transform-dotall-regex,@babel/helper-create-regexp-features-plugin
@babel/plugin-transform-dotall-regex,@babel/helper-plugin-utils
@babel/plugin-transform-duplicate-keys,@babel/helper-plugin-utils
@babel/plugin-transform-exponentiation-operator,@babel/helper-builder-binary-assignment-operator-visitor
@babel/plugin-transform-exponentiation-operator,@babel/helper-plugin-utils
@babel/helper-builder-binary-assignment-operator-visitor,@babel/helper-explode-assignable-expression
@babel/helper-builder-binary-assignment-operator-visitor,@babel/types
@babel/helper-explode-assignable-expression,@babel/types
@babel/plugin-transform-for-of,@babel/helper-plugin-utils
@babel/plugin-transform-function-name,@babel/helper-function-name
@babel/plugin-transform-function-name,@babel/helper-plugin-utils
@babel/plugin-transform-literals,@babel/helper-plugin-utils
@babel/plugin-transform-member-expression-literals,@babel/helper-plugin-utils
@babel/plugin-transform-modules-amd,@babel/helper-module-transforms
@babel/plugin-transform-modules-amd,@babel/helper-plugin-utils
@babel/plugin-transform-modules-amd,babel-plugin-dynamic-import-node
babel-plugin-dynamic-import-node,object.assign
@babel/plugin-transform-modules-commonjs,@babel/helper-module-transforms
@babel/plugin-transform-modules-commonjs,@babel/helper-plugin-utils
@babel/plugin-transform-modules-commonjs,@babel/helper-simple-access
@babel/plugin-transform-modules-commonjs,babel-plugin-dynamic-import-node
@babel/plugin-transform-modules-systemjs,@babel/helper-hoist-variables
@babel/plugin-transform-modules-systemjs,@babel/helper-module-transforms
@babel/plugin-transform-modules-systemjs,@babel/helper-plugin-utils
@babel/plugin-transform-modules-systemjs,@babel/helper-validator-identifier
@babel/plugin-transform-modules-systemjs,babel-plugin-dynamic-import-node
@babel/plugin-transform-modules-umd,@babel/helper-module-transforms
@babel/plugin-transform-modules-umd,@babel/helper-plugin-utils
@babel/plugin-transform-named-capturing-groups-regex,@babel/helper-create-regexp-features-plugin
@babel/plugin-transform-new-target,@babel/helper-plugin-utils
@babel/plugin-transform-object-super,@babel/helper-plugin-utils
@babel/plugin-transform-object-super,@babel/helper-replace-supers
@babel/plugin-transform-property-literals,@babel/helper-plugin-utils
@babel/plugin-transform-regenerator,regenerator-transform
regenerator-transform,@babel/runtime
@babel/runtime,regenerator-runtime
@babel/plugin-transform-reserved-words,@babel/helper-plugin-utils
@babel/plugin-transform-shorthand-properties,@babel/helper-plugin-utils
@babel/plugin-transform-spread,@babel/helper-plugin-utils
@babel/plugin-transform-spread,@babel/helper-skip-transparent-expression-wrappers
@babel/plugin-transform-sticky-regex,@babel/helper-plugin-utils
@babel/plugin-transform-template-literals,@babel/helper-plugin-utils
@babel/plugin-transform-typeof-symbol,@babel/helper-plugin-utils
@babel/plugin-transform-unicode-escapes,@babel/helper-plugin-utils
@babel/plugin-transform-unicode-regex,@babel/helper-create-regexp-features-plugin
@babel/plugin-transform-unicode-regex,@babel/helper-plugin-utils
@babel/preset-modules,@babel/helper-plugin-utils
@babel/preset-modules,@babel/plugin-proposal-unicode-property-regex
@babel/preset-modules,@babel/plugin-transform-dotall-regex
@babel/preset-modules,@babel/types
@babel/preset-modules,esutils
babel-plugin-polyfill-corejs2,@babel/compat-data
babel-plugin-polyfill-corejs2,@babel/helper-define-polyfill-provider
babel-plugin-polyfill-corejs2,semver
@babel/helper-define-polyfill-provider,@babel/helper-compilation-targets
@babel/helper-define-polyfill-provider,@babel/helper-module-imports
@babel/helper-define-polyfill-provider,@babel/helper-plugin-utils
@babel/helper-define-polyfill-provider,@babel/traverse
@babel/helper-define-polyfill-provider,debug
@babel/helper-define-polyfill-provider,lodash.debounce
@babel/helper-define-polyfill-provider,resolve
@babel/helper-define-polyfill-provider,semver
resolve,@rollup/pluginutils
resolve,@types/resolve
resolve,builtin-modules
resolve,is-module
resolve,resolve
resolve,@types/node
resolve,graceful-fs
resolve,tapable
resolve,@jest/types
resolve,chalk
resolve,jest-haste-map
resolve,jest-pnp-resolver
resolve,jest-util
resolve,jest-validate
resolve,resolve.exports
resolve,slash
resolve,is-core-module
resolve,path-parse
resolve,supports-preserve-symlinks-flag
@rollup/pluginutils,@types/estree
@rollup/pluginutils,estree-walker
@rollup/pluginutils,picomatch
@types/resolve,@types/node
jest-haste-map,@jest/types
jest-haste-map,@types/graceful-fs
jest-haste-map,@types/node
jest-haste-map,anymatch
jest-haste-map,fb-watchman
jest-haste-map,graceful-fs
jest-haste-map,jest-regex-util
jest-haste-map,jest-serializer
jest-haste-map,jest-util
jest-haste-map,jest-worker
jest-haste-map,micromatch
jest-haste-map,walker
@types/graceful-fs,@types/node
anymatch,normalize-path
anymatch,picomatch
fb-watchman,bser
bser,node-int64
jest-serializer,@types/node
jest-serializer,graceful-fs
jest-worker,@types/node
jest-worker,merge-stream
jest-worker,supports-color
jest-validate,@jest/types
jest-validate,camelcase
jest-validate,chalk
jest-validate,jest-get-type
jest-validate,leven
jest-validate,pretty-format
is-core-module,has
babel-plugin-polyfill-corejs3,@babel/helper-define-polyfill-provider
babel-plugin-polyfill-corejs3,core-js-compat
core-js-compat,browserslist
core-js-compat,semver
babel-plugin-polyfill-regenerator,@babel/helper-define-polyfill-provider
@rollup/plugin-babel,@babel/helper-module-imports
@rollup/plugin-babel,@rollup/pluginutils
@rollup/plugin-json,rollup-pluginutils
rollup-pluginutils,estree-walker
@rollup/plugin-node-resolve,@rollup/pluginutils
@rollup/plugin-node-resolve,@types/resolve
@rollup/plugin-node-resolve,builtin-modules
@rollup/plugin-node-resolve,is-module
@rollup/plugin-node-resolve,resolve
@rollup/plugin-replace,magic-string
@rollup/plugin-replace,rollup-pluginutils
magic-string,sourcemap-codec
@rollup/plugin-strip,estree-walker
@rollup/plugin-strip,magic-string
@rollup/plugin-strip,rollup-pluginutils
babel-eslint,@babel/code-frame
babel-eslint,@babel/parser
babel-eslint,@babel/traverse
babel-eslint,@babel/types
babel-eslint,eslint-visitor-keys
babel-eslint,resolve
babel-jest,@jest/transform
babel-jest,@jest/types
babel-jest,@types/babel__core
babel-jest,babel-plugin-istanbul
babel-jest,babel-preset-jest
babel-jest,chalk
babel-jest,graceful-fs
babel-jest,slash
@jest/transform,@babel/core
@jest/transform,@jest/types
@jest/transform,babel-plugin-istanbul
@jest/transform,chalk
@jest/transform,convert-source-map
@jest/transform,fast-json-stable-stringify
@jest/transform,graceful-fs
@jest/transform,jest-haste-map
@jest/transform,jest-regex-util
@jest/transform,jest-util
@jest/transform,micromatch
@jest/transform,pirates
@jest/transform,slash
@jest/transform,source-map
@jest/transform,write-file-atomic
babel-plugin-istanbul,@babel/helper-plugin-utils
babel-plugin-istanbul,@istanbuljs/load-nyc-config
babel-plugin-istanbul,@istanbuljs/schema
babel-plugin-istanbul,istanbul-lib-instrument
babel-plugin-istanbul,test-exclude
@istanbuljs/load-nyc-config,camelcase
@istanbuljs/load-nyc-config,find-up
@istanbuljs/load-nyc-config,get-package-type
@istanbuljs/load-nyc-config,js-yaml
@istanbuljs/load-nyc-config,resolve-from
find-up,locate-path
find-up,path-exists
find-up,pinkie-promise
locate-path,p-locate
locate-path,path-exists
p-locate,p-limit
p-limit,p-try
p-limit,yocto-queue
path-exists,pinkie-promise
pinkie-promise,pinkie
js-yaml,argparse
js-yaml,esprima
istanbul-lib-instrument,@babel/core
istanbul-lib-instrument,@istanbuljs/schema
istanbul-lib-instrument,istanbul-lib-coverage
istanbul-lib-instrument,semver
test-exclude,@istanbuljs/schema
test-exclude,glob
test-exclude,minimatch
glob,fs.realpath
glob,inflight
glob,inherits
glob,minimatch
glob,once
glob,path-is-absolute
inflight,once
inflight,wrappy
minimatch,brace-expansion
brace-expansion,balanced-match
brace-expansion,concat-map
pirates,node-modules-regexp
write-file-atomic,imurmurhash
write-file-atomic,is-typedarray
write-file-atomic,signal-exit
write-file-atomic,typedarray-to-buffer
typedarray-to-buffer,is-typedarray
@types/babel__core,@babel/parser
@types/babel__core,@babel/types
@types/babel__core,@types/babel__generator
@types/babel__core,@types/babel__template
@types/babel__core,@types/babel__traverse
@types/babel__generator,@babel/types
@types/babel__template,@babel/parser
@types/babel__template,@babel/types
@types/babel__traverse,@babel/types
babel-preset-jest,babel-plugin-jest-hoist
babel-preset-jest,babel-preset-current-node-syntax
babel-plugin-jest-hoist,@babel/template
babel-plugin-jest-hoist,@babel/types
babel-plugin-jest-hoist,@types/babel__core
babel-plugin-jest-hoist,@types/babel__traverse
babel-preset-current-node-syntax,@babel/plugin-syntax-async-generators
babel-preset-current-node-syntax,@babel/plugin-syntax-bigint
babel-preset-current-node-syntax,@babel/plugin-syntax-class-properties
babel-preset-current-node-syntax,@babel/plugin-syntax-import-meta
babel-preset-current-node-syntax,@babel/plugin-syntax-json-strings
babel-preset-current-node-syntax,@babel/plugin-syntax-logical-assignment-operators
babel-preset-current-node-syntax,@babel/plugin-syntax-nullish-coalescing-operator
babel-preset-current-node-syntax,@babel/plugin-syntax-numeric-separator
babel-preset-current-node-syntax,@babel/plugin-syntax-object-rest-spread
babel-preset-current-node-syntax,@babel/plugin-syntax-optional-catch-binding
babel-preset-current-node-syntax,@babel/plugin-syntax-optional-chaining
babel-preset-current-node-syntax,@babel/plugin-syntax-top-level-await
@babel/plugin-syntax-bigint,@babel/helper-plugin-utils
@babel/plugin-syntax-import-meta,@babel/helper-plugin-utils
babel-loader,find-cache-dir
babel-loader,loader-utils
babel-loader,mkdirp
babel-loader,pify
find-cache-dir,commondir
find-cache-dir,make-dir
find-cache-dir,pkg-dir
find-cache-dir,mkdirp
make-dir,semver
make-dir,pify
pkg-dir,find-up
mkdirp,minimist
loader-utils,big.js
loader-utils,emojis-list
loader-utils,json5
css-loader,camelcase
css-loader,cssesc
css-loader,icss-utils
css-loader,loader-utils
css-loader,normalize-path
css-loader,postcss
css-loader,postcss-modules-extract-imports
css-loader,postcss-modules-local-by-default
css-loader,postcss-modules-scope
css-loader,postcss-modules-values
css-loader,postcss-value-parser
css-loader,schema-utils
icss-utils,postcss
postcss,picocolors
postcss,source-map
postcss,nanoid
postcss,source-map-js
postcss,chalk
postcss,concat-with-sourcemaps
postcss,cssnano
postcss,import-cwd
postcss,p-queue
postcss,pify
postcss,postcss-load-config
postcss,postcss-modules
postcss,promise.series
postcss,resolve
postcss,rollup-pluginutils
postcss,safe-identifier
postcss,style-inject
concat-with-sourcemaps,source-map
cssnano,cssnano-preset-default
cssnano,is-resolvable
cssnano,lilconfig
cssnano,yaml
cssnano-preset-default,css-declaration-sorter
cssnano-preset-default,cssnano-utils
cssnano-preset-default,postcss-calc
cssnano-preset-default,postcss-colormin
cssnano-preset-default,postcss-convert-values
cssnano-preset-default,postcss-discard-comments
cssnano-preset-default,postcss-discard-duplicates
cssnano-preset-default,postcss-discard-empty
cssnano-preset-default,postcss-discard-overridden
cssnano-preset-default,postcss-merge-longhand
cssnano-preset-default,postcss-merge-rules
cssnano-preset-default,postcss-minify-font-values
cssnano-preset-default,postcss-minify-gradients
cssnano-preset-default,postcss-minify-params
cssnano-preset-default,postcss-minify-selectors
cssnano-preset-default,postcss-normalize-charset
cssnano-preset-default,postcss-normalize-display-values
cssnano-preset-default,postcss-normalize-positions
cssnano-preset-default,postcss-normalize-repeat-style
cssnano-preset-default,postcss-normalize-string
cssnano-preset-default,postcss-normalize-timing-functions
cssnano-preset-default,postcss-normalize-unicode
cssnano-preset-default,postcss-normalize-url
cssnano-preset-default,postcss-normalize-whitespace
cssnano-preset-default,postcss-ordered-values
cssnano-preset-default,postcss-reduce-initial
cssnano-preset-default,postcss-reduce-transforms
cssnano-preset-default,postcss-svgo
cssnano-preset-default,postcss-unique-selectors
css-declaration-sorter,timsort
postcss-calc,postcss-selector-parser
postcss-calc,postcss-value-parser
postcss-selector-parser,cssesc
postcss-selector-parser,util-deprecate
postcss-colormin,browserslist
postcss-colormin,caniuse-api
postcss-colormin,colord
postcss-colormin,postcss-value-parser
caniuse-api,browserslist
caniuse-api,caniuse-lite
caniuse-api,lodash.memoize
caniuse-api,lodash.uniq
postcss-convert-values,postcss-value-parser
postcss-merge-longhand,css-color-names
postcss-merge-longhand,postcss-value-parser
postcss-merge-longhand,stylehacks
stylehacks,browserslist
stylehacks,postcss-selector-parser
postcss-merge-rules,browserslist
postcss-merge-rules,caniuse-api
postcss-merge-rules,cssnano-utils
postcss-merge-rules,postcss-selector-parser
postcss-merge-rules,vendors
postcss-minify-font-values,postcss-value-parser
postcss-minify-gradients,colord
postcss-minify-gradients,cssnano-utils
postcss-minify-gradients,postcss-value-parser
postcss-minify-params,alphanum-sort
postcss-minify-params,browserslist
postcss-minify-params,cssnano-utils
postcss-minify-params,postcss-value-parser
postcss-minify-params,uniqs
postcss-minify-selectors,alphanum-sort
postcss-minify-selectors,postcss-selector-parser
postcss-normalize-display-values,cssnano-utils
postcss-normalize-display-values,postcss-value-parser
postcss-normalize-positions,postcss-value-parser
postcss-normalize-repeat-style,cssnano-utils
postcss-normalize-repeat-style,postcss-value-parser
postcss-normalize-string,postcss-value-parser
postcss-normalize-timing-functions,cssnano-utils
postcss-normalize-timing-functions,postcss-value-parser
postcss-normalize-unicode,browserslist
postcss-normalize-unicode,postcss-value-parser
postcss-normalize-url,is-absolute-url
postcss-normalize-url,normalize-url
postcss-normalize-url,postcss-value-parser
postcss-normalize-whitespace,postcss-value-parser
postcss-ordered-values,cssnano-utils
postcss-ordered-values,postcss-value-parser
postcss-reduce-initial,browserslist
postcss-reduce-initial,caniuse-api
postcss-reduce-transforms,cssnano-utils
postcss-reduce-transforms,postcss-value-parser
postcss-svgo,postcss-value-parser
postcss-svgo,svgo
svgo,postcss-value-parser
svgo,svgo
svgo,chalk
svgo,coa
svgo,css-select
svgo,css-select-base-adapter
svgo,css-tree
svgo,csso
svgo,js-yaml
svgo,mkdirp
svgo,object.values
svgo,sax
svgo,stable
svgo,unquote
svgo,util.promisify
svgo,@trysound/sax
svgo,commander
svgo,picocolors
coa,@types/q
coa,chalk
coa,q
css-select,boolbase
css-select,css-what
css-select,domutils
css-select,nth-check
css-select,domhandler
domutils,dom-serializer
domutils,domelementtype
domutils,domhandler
dom-serializer,domelementtype
dom-serializer,entities
dom-serializer,domhandler
domhandler,domelementtype
nth-check,boolbase
css-tree,mdn-data
css-tree,source-map
csso,css-tree
object.values,call-bind
object.values,define-properties
object.values,es-abstract
call-bind,function-bind
call-bind,get-intrinsic
get-intrinsic,function-bind
get-intrinsic,has
get-intrinsic,has-symbols
define-properties,has-property-descriptors
define-properties,object-keys
has-property-descriptors,get-intrinsic
es-abstract,call-bind
es-abstract,es-to-primitive
es-abstract,function-bind
es-abstract,function.prototype.name
es-abstract,get-intrinsic
es-abstract,get-symbol-description
es-abstract,has
es-abstract,has-property-descriptors
es-abstract,has-symbols
es-abstract,internal-slot
es-abstract,is-callable
es-abstract,is-negative-zero
es-abstract,is-regex
es-abstract,is-shared-array-buffer
es-abstract,is-string
es-abstract,is-weakref
es-abstract,object-inspect
es-abstract,object-keys
es-abstract,object.assign
es-abstract,regexp.prototype.flags
es-abstract,safe-regex-test
es-abstract,string.prototype.trimend
es-abstract,string.prototype.trimstart
es-abstract,unbox-primitive
es-to-primitive,is-callable
es-to-primitive,is-date-object
es-to-primitive,is-symbol
is-date-object,has-tostringtag
has-tostringtag,has-symbols
is-symbol,has-symbols
function.prototype.name,call-bind
function.prototype.name,define-properties
function.prototype.name,es-abstract
function.prototype.name,functions-have-names
get-symbol-description,call-bind
get-symbol-description,get-intrinsic
internal-slot,get-intrinsic
internal-slot,has
internal-slot,side-channel
side-channel,call-bind
side-channel,get-intrinsic
side-channel,object-inspect
is-regex,call-bind
is-regex,has-tostringtag
is-shared-array-buffer,call-bind
is-string,has-tostringtag
is-weakref,call-bind
regexp.prototype.flags,call-bind
regexp.prototype.flags,define-properties
regexp.prototype.flags,functions-have-names
safe-regex-test,call-bind
safe-regex-test,get-intrinsic
safe-regex-test,is-regex
string.prototype.trimend,call-bind
string.prototype.trimend,define-properties
string.prototype.trimend,es-abstract
string.prototype.trimstart,call-bind
string.prototype.trimstart,define-properties
string.prototype.trimstart,es-abstract
unbox-primitive,call-bind
unbox-primitive,has-bigints
unbox-primitive,has-symbols
unbox-primitive,which-boxed-primitive
which-boxed-primitive,is-bigint
which-boxed-primitive,is-boolean-object
which-boxed-primitive,is-number-object
which-boxed-primitive,is-string
which-boxed-primitive,is-symbol
is-bigint,has-bigints
is-boolean-object,call-bind
is-boolean-object,has-tostringtag
is-number-object,has-tostringtag
util.promisify,define-properties
util.promisify,es-abstract
util.promisify,has-symbols
util.promisify,object.getownpropertydescriptors
object.getownpropertydescriptors,call-bind
object.getownpropertydescriptors,define-properties
object.getownpropertydescriptors,es-abstract
postcss-unique-selectors,alphanum-sort
postcss-unique-selectors,postcss-selector-parser
postcss-unique-selectors,uniqs
yaml,argparse
yaml,esprima
import-cwd,import-from
import-from,resolve-from
p-queue,eventemitter3
p-queue,p-timeout
p-timeout,p-finally
postcss-load-config,import-cwd
postcss-load-config,lilconfig
postcss-load-config,yaml
postcss-modules,generic-names
postcss-modules,icss-replace-symbols
postcss-modules,lodash.camelcase
postcss-modules,postcss-modules-extract-imports
postcss-modules,postcss-modules-local-by-default
postcss-modules,postcss-modules-scope
postcss-modules,postcss-modules-values
postcss-modules,string-hash
generic-names,loader-utils
postcss-modules-extract-imports,postcss
postcss-modules-local-by-default,icss-utils
postcss-modules-local-by-default,postcss
postcss-modules-local-by-default,postcss-selector-parser
postcss-modules-local-by-default,postcss-value-parser
postcss-modules-scope,postcss
postcss-modules-scope,postcss-selector-parser
postcss-modules-values,icss-utils
postcss-modules-values,postcss
schema-utils,@types/json-schema
schema-utils,ajv
schema-utils,ajv-keywords
ajv,fast-deep-equal
ajv,fast-json-stable-stringify
ajv,json-schema-traverse
ajv,uri-js
uri-js,punycode
eslint,@types/estree
eslint,@types/json-schema
eslint,@babel/code-frame
eslint,@babel/parser
eslint,@babel/traverse
eslint,@babel/types
eslint,eslint-visitor-keys
eslint,resolve
eslint,@eslint/eslintrc
eslint,@humanwhocodes/config-array
eslint,ajv
eslint,chalk
eslint,cross-spawn
eslint,debug
eslint,doctrine
eslint,enquirer
eslint,escape-string-regexp
eslint,eslint-scope
eslint,eslint-utils
eslint,espree
eslint,esquery
eslint,esutils
eslint,fast-deep-equal
eslint,file-entry-cache
eslint,functional-red-black-tree
eslint,glob-parent
eslint,globals
eslint,ignore
eslint,import-fresh
eslint,imurmurhash
eslint,is-glob
eslint,js-yaml
eslint,json-stable-stringify-without-jsonify
eslint,levn
eslint,lodash.merge
eslint,minimatch
eslint,natural-compare
eslint,optionator
eslint,progress
eslint,regexpp
eslint,semver
eslint,strip-ansi
eslint,strip-json-comments
eslint,text-table
eslint,v8-compile-cache
@eslint/eslintrc,ajv
@eslint/eslintrc,debug
@eslint/eslintrc,espree
@eslint/eslintrc,globals
@eslint/eslintrc,ignore
@eslint/eslintrc,import-fresh
@eslint/eslintrc,js-yaml
@eslint/eslintrc,minimatch
@eslint/eslintrc,strip-json-comments
espree,acorn
espree,acorn-jsx
espree,eslint-visitor-keys
import-fresh,parent-module
import-fresh,resolve-from
parent-module,callsites
@humanwhocodes/config-array,@humanwhocodes/object-schema
@humanwhocodes/config-array,debug
@humanwhocodes/config-array,minimatch
cross-spawn,path-key
cross-spawn,shebang-command
cross-spawn,which
shebang-command,shebang-regex
which,isexe
doctrine,esutils
enquirer,ansi-colors
eslint-scope,@types/eslint
eslint-scope,@types/estree
eslint-scope,esrecurse
eslint-scope,estraverse
@types/eslint,@types/estree
@types/eslint,@types/json-schema
esrecurse,estraverse
eslint-utils,eslint-visitor-keys
esquery,estraverse
file-entry-cache,flat-cache
flat-cache,flatted
flat-cache,rimraf
rimraf,glob
glob-parent,is-glob
is-glob,is-extglob
levn,prelude-ls
levn,type-check
type-check,prelude-ls
optionator,deep-is
optionator,fast-levenshtein
optionator,levn
optionator,prelude-ls
optionator,type-check
optionator,word-wrap
eslint-config-prettier,get-stdin
eslint-loader,fs-extra
eslint-loader,loader-fs-cache
eslint-loader,loader-utils
eslint-loader,object-hash
eslint-loader,schema-utils
fs-extra,graceful-fs
fs-extra,jsonfile
fs-extra,universalify
jsonfile,graceful-fs
loader-fs-cache,find-cache-dir
loader-fs-cache,mkdirp
eslint-plugin-import,array-includes
eslint-plugin-import,array.prototype.flat
eslint-plugin-import,debug
eslint-plugin-import,doctrine
eslint-plugin-import,eslint-import-resolver-node
eslint-plugin-import,eslint-module-utils
eslint-plugin-import,has
eslint-plugin-import,is-core-module
eslint-plugin-import,is-glob
eslint-plugin-import,minimatch
eslint-plugin-import,object.values
eslint-plugin-import,resolve
eslint-plugin-import,tsconfig-paths
array-includes,call-bind
array-includes,define-properties
array-includes,es-abstract
array-includes,get-intrinsic
array-includes,is-string
array.prototype.flat,call-bind
array.prototype.flat,define-properties
array.prototype.flat,es-abstract
array.prototype.flat,es-shim-unscopables
es-shim-unscopables,has
eslint-import-resolver-node,debug
eslint-import-resolver-node,resolve
eslint-module-utils,debug
tsconfig-paths,@types/json5
tsconfig-paths,json5
tsconfig-paths,minimist
tsconfig-paths,strip-bom
eslint-plugin-prettier,prettier-linter-helpers
prettier-linter-helpers,fast-diff
jest,@jest/transform
jest,@jest/types
jest,@types/babel__core
jest,babel-plugin-istanbul
jest,babel-preset-jest
jest,chalk
jest,graceful-fs
jest,slash
jest,babel-plugin-jest-hoist
jest,babel-preset-current-node-syntax
jest,@jest/core
jest,import-local
jest,jest-cli
@jest/core,@jest/console
@jest/core,@jest/reporters
@jest/core,@jest/test-result
@jest/core,@jest/transform
@jest/core,@jest/types
@jest/core,@types/node
@jest/core,ansi-escapes
@jest/core,chalk
@jest/core,emittery
@jest/core,exit
@jest/core,graceful-fs
@jest/core,jest-changed-files
@jest/core,jest-config
@jest/core,jest-haste-map
@jest/core,jest-message-util
@jest/core,jest-regex-util
@jest/core,jest-resolve
@jest/core,jest-resolve-dependencies
@jest/core,jest-runner
@jest/core,jest-runtime
@jest/core,jest-snapshot
@jest/core,jest-util
@jest/core,jest-validate
@jest/core,jest-watcher
@jest/core,micromatch
@jest/core,rimraf
@jest/core,slash
@jest/core,strip-ansi
@jest/console,@jest/types
@jest/console,@types/node
@jest/console,chalk
@jest/console,jest-message-util
@jest/console,jest-util
@jest/console,slash
@jest/reporters,@bcoe/v8-coverage
@jest/reporters,@jest/console
@jest/reporters,@jest/test-result
@jest/reporters,@jest/transform
@jest/reporters,@jest/types
@jest/reporters,@types/node
@jest/reporters,chalk
@jest/reporters,collect-v8-coverage
@jest/reporters,exit
@jest/reporters,glob
@jest/reporters,graceful-fs
@jest/reporters,istanbul-lib-coverage
@jest/reporters,istanbul-lib-instrument
@jest/reporters,istanbul-lib-report
@jest/reporters,istanbul-lib-source-maps
@jest/reporters,istanbul-reports
@jest/reporters,jest-haste-map
@jest/reporters,jest-resolve
@jest/reporters,jest-util
@jest/reporters,jest-worker
@jest/reporters,slash
@jest/reporters,source-map
@jest/reporters,string-length
@jest/reporters,terminal-link
@jest/reporters,v8-to-istanbul
@jest/test-result,@jest/console
@jest/test-result,@jest/types
@jest/test-result,@types/istanbul-lib-coverage
@jest/test-result,collect-v8-coverage
istanbul-lib-report,@types/istanbul-lib-coverage
istanbul-lib-report,istanbul-lib-coverage
istanbul-lib-report,make-dir
istanbul-lib-report,supports-color
istanbul-lib-source-maps,debug
istanbul-lib-source-maps,istanbul-lib-coverage
istanbul-lib-source-maps,source-map
istanbul-reports,@types/istanbul-lib-report
istanbul-reports,html-escaper
istanbul-reports,istanbul-lib-report
jest-resolve,@jest/types
jest-resolve,chalk
jest-resolve,graceful-fs
jest-resolve,jest-haste-map
jest-resolve,jest-pnp-resolver
jest-resolve,jest-util
jest-resolve,jest-validate
jest-resolve,resolve
jest-resolve,resolve.exports
jest-resolve,slash
string-length,char-regex
string-length,strip-ansi
terminal-link,ansi-escapes
terminal-link,supports-hyperlinks
ansi-escapes,type-fest
supports-hyperlinks,has-flag
supports-hyperlinks,supports-color
v8-to-istanbul,@types/istanbul-lib-coverage
v8-to-istanbul,convert-source-map
v8-to-istanbul,source-map
jest-changed-files,@jest/types
jest-changed-files,execa
jest-changed-files,throat
execa,cross-spawn
execa,get-stream
execa,human-signals
execa,is-stream
execa,merge-stream
execa,npm-run-path
execa,onetime
execa,signal-exit
execa,strip-final-newline
npm-run-path,path-key
onetime,mimic-fn
jest-config,@babel/core
jest-config,@jest/test-sequencer
jest-config,@jest/types
jest-config,babel-jest
jest-config,chalk
jest-config,ci-info
jest-config,deepmerge
jest-config,glob
jest-config,graceful-fs
jest-config,jest-circus
jest-config,jest-environment-jsdom
jest-config,jest-environment-node
jest-config,jest-get-type
jest-config,jest-jasmine2
jest-config,jest-regex-util
jest-config,jest-resolve
jest-config,jest-runner
jest-config,jest-util
jest-config,jest-validate
jest-config,micromatch
jest-config,pretty-format
@jest/test-sequencer,@jest/test-result
@jest/test-sequencer,graceful-fs
@jest/test-sequencer,jest-haste-map
@jest/test-sequencer,jest-runtime
jest-runtime,@jest/console
jest-runtime,@jest/environment
jest-runtime,@jest/globals
jest-runtime,@jest/source-map
jest-runtime,@jest/test-result
jest-runtime,@jest/transform
jest-runtime,@jest/types
jest-runtime,@types/yargs
jest-runtime,chalk
jest-runtime,cjs-module-lexer
jest-runtime,collect-v8-coverage
jest-runtime,execa
jest-runtime,exit
jest-runtime,glob
jest-runtime,graceful-fs
jest-runtime,jest-haste-map
jest-runtime,jest-message-util
jest-runtime,jest-mock
jest-runtime,jest-regex-util
jest-runtime,jest-resolve
jest-runtime,jest-snapshot
jest-runtime,jest-util
jest-runtime,jest-validate
jest-runtime,slash
jest-runtime,strip-bom
jest-runtime,yargs
@jest/globals,@jest/environment
@jest/globals,@jest/types
@jest/globals,expect
@jest/source-map,callsites
@jest/source-map,graceful-fs
@jest/source-map,source-map
jest-snapshot,@babel/core
jest-snapshot,@babel/generator
jest-snapshot,@babel/parser
jest-snapshot,@babel/plugin-syntax-typescript
jest-snapshot,@babel/traverse
jest-snapshot,@babel/types
jest-snapshot,@jest/transform
jest-snapshot,@jest/types
jest-snapshot,@types/babel__traverse
jest-snapshot,@types/prettier
jest-snapshot,babel-preset-current-node-syntax
jest-snapshot,chalk
jest-snapshot,expect
jest-snapshot,graceful-fs
jest-snapshot,jest-diff
jest-snapshot,jest-get-type
jest-snapshot,jest-haste-map
jest-snapshot,jest-matcher-utils
jest-snapshot,jest-message-util
jest-snapshot,jest-resolve
jest-snapshot,jest-util
jest-snapshot,natural-compare
jest-snapshot,pretty-format
jest-snapshot,semver
@babel/plugin-syntax-typescript,@babel/helper-plugin-utils
yargs,@types/yargs-parser
yargs,cliui
yargs,escalade
yargs,get-caller-file
yargs,require-directory
yargs,string-width
yargs,y18n
yargs,yargs-parser
yargs,decamelize
yargs,find-up
yargs,require-main-filename
yargs,set-blocking
yargs,which-module
cliui,string-width
cliui,strip-ansi
cliui,wrap-ansi
string-width,emoji-regex
string-width,is-fullwidth-code-point
string-width,strip-ansi
wrap-ansi,ansi-styles
wrap-ansi,string-width
wrap-ansi,strip-ansi
jest-circus,@jest/environment
jest-circus,@jest/test-result
jest-circus,@jest/types
jest-circus,@types/node
jest-circus,chalk
jest-circus,co
jest-circus,dedent
jest-circus,expect
jest-circus,is-generator-fn
jest-circus,jest-each
jest-circus,jest-matcher-utils
jest-circus,jest-message-util
jest-circus,jest-runtime
jest-circus,jest-snapshot
jest-circus,jest-util
jest-circus,pretty-format
jest-circus,slash
jest-circus,stack-utils
jest-circus,throat
jest-each,@jest/types
jest-each,chalk
jest-each,jest-get-type
jest-each,jest-util
jest-each,pretty-format
jest-environment-jsdom,@jest/environment
jest-environment-jsdom,@jest/fake-timers
jest-environment-jsdom,@jest/types
jest-environment-jsdom,@types/node
jest-environment-jsdom,jest-mock
jest-environment-jsdom,jest-util
jest-environment-jsdom,jsdom
jsdom,@jest/environment
jsdom,@jest/fake-timers
jsdom,@jest/types
jsdom,@types/node
jsdom,jest-mock
jsdom,jest-util
jsdom,jsdom
jsdom,abab
jsdom,acorn
jsdom,acorn-globals
jsdom,cssom
jsdom,cssstyle
jsdom,data-urls
jsdom,decimal.js
jsdom,domexception
jsdom,escodegen
jsdom,form-data
jsdom,html-encoding-sniffer
jsdom,http-proxy-agent
jsdom,https-proxy-agent
jsdom,is-potential-custom-element-name
jsdom,nwsapi
jsdom,parse5
jsdom,saxes
jsdom,symbol-tree
jsdom,tough-cookie
jsdom,w3c-hr-time
jsdom,w3c-xmlserializer
jsdom,webidl-conversions
jsdom,whatwg-encoding
jsdom,whatwg-mimetype
jsdom,whatwg-url
jsdom,ws
jsdom,xml-name-validator
acorn-globals,acorn
acorn-globals,acorn-walk
cssstyle,cssom
data-urls,abab
data-urls,whatwg-mimetype
data-urls,whatwg-url
whatwg-url,lodash
whatwg-url,tr46
whatwg-url,webidl-conversions
tr46,punycode
domexception,webidl-conversions
escodegen,esprima
escodegen,estraverse
escodegen,esutils
escodegen,optionator
form-data,asynckit
form-data,combined-stream
form-data,mime-types
combined-stream,delayed-stream
mime-types,mime-db
html-encoding-sniffer,whatwg-encoding
whatwg-encoding,iconv-lite
iconv-lite,safer-buffer
http-proxy-agent,@tootallnate/once
http-proxy-agent,agent-base
http-proxy-agent,debug
agent-base,debug
agent-base,es6-promisify
es6-promisify,es6-promise
https-proxy-agent,agent-base
https-proxy-agent,debug
saxes,xmlchars
tough-cookie,psl
tough-cookie,punycode
tough-cookie,universalify
w3c-hr-time,browser-process-hrtime
w3c-xmlserializer,xml-name-validator
jest-environment-node,@jest/environment
jest-environment-node,@jest/fake-timers
jest-environment-node,@jest/types
jest-environment-node,@types/node
jest-environment-node,jest-mock
jest-environment-node,jest-util
jest-jasmine2,@babel/traverse
jest-jasmine2,@jest/environment
jest-jasmine2,@jest/source-map
jest-jasmine2,@jest/test-result
jest-jasmine2,@jest/types
jest-jasmine2,@types/node
jest-jasmine2,chalk
jest-jasmine2,co
jest-jasmine2,expect
jest-jasmine2,is-generator-fn
jest-jasmine2,jest-each
jest-jasmine2,jest-matcher-utils
jest-jasmine2,jest-message-util
jest-jasmine2,jest-runtime
jest-jasmine2,jest-snapshot
jest-jasmine2,jest-util
jest-jasmine2,pretty-format
jest-jasmine2,throat
jest-runner,@jest/console
jest-runner,@jest/environment
jest-runner,@jest/test-result
jest-runner,@jest/transform
jest-runner,@jest/types
jest-runner,@types/node
jest-runner,chalk
jest-runner,emittery
jest-runner,exit
jest-runner,graceful-fs
jest-runner,jest-docblock
jest-runner,jest-environment-jsdom
jest-runner,jest-environment-node
jest-runner,jest-haste-map
jest-runner,jest-leak-detector
jest-runner,jest-message-util
jest-runner,jest-resolve
jest-runner,jest-runtime
jest-runner,jest-util
jest-runner,jest-worker
jest-runner,source-map-support
jest-runner,throat
jest-docblock,detect-newline
jest-leak-detector,jest-get-type
jest-leak-detector,pretty-format
source-map-support,buffer-from
source-map-support,source-map
jest-resolve-dependencies,@jest/types
jest-resolve-dependencies,jest-regex-util
jest-resolve-dependencies,jest-snapshot
jest-watcher,@jest/test-result
jest-watcher,@jest/types
jest-watcher,@types/node
jest-watcher,ansi-escapes
jest-watcher,chalk
jest-watcher,jest-util
jest-watcher,string-length
import-local,pkg-dir
import-local,resolve-cwd
resolve-cwd,resolve-from
jest-cli,@jest/core
jest-cli,@jest/test-result
jest-cli,@jest/types
jest-cli,chalk
jest-cli,exit
jest-cli,graceful-fs
jest-cli,import-local
jest-cli,jest-config
jest-cli,jest-util
jest-cli,jest-validate
jest-cli,prompts
jest-cli,yargs
prompts,kleur
prompts,sisteransi
nunjucks,a-sync-waterfall
nunjucks,asap
nunjucks,chokidar
nunjucks,commander
chokidar,anymatch
chokidar,braces
chokidar,glob-parent
chokidar,is-binary-path
chokidar,is-glob
chokidar,normalize-path
chokidar,readdirp
is-binary-path,binary-extensions
readdirp,picomatch
nyc,@istanbuljs/load-nyc-config
nyc,@istanbuljs/schema
nyc,caching-transform
nyc,convert-source-map
nyc,decamelize
nyc,find-cache-dir
nyc,find-up
nyc,foreground-child
nyc,glob
nyc,istanbul-lib-coverage
nyc,istanbul-lib-hook
nyc,istanbul-lib-instrument
nyc,istanbul-lib-processinfo
nyc,istanbul-lib-report
nyc,istanbul-lib-source-maps
nyc,istanbul-reports
nyc,js-yaml
nyc,make-dir
nyc,node-preload
nyc,p-map
nyc,process-on-spawn
nyc,resolve-from
nyc,rimraf
nyc,signal-exit
nyc,spawn-wrap
nyc,test-exclude
nyc,uuid
nyc,yargs
caching-transform,hasha
caching-transform,make-dir
caching-transform,package-hash
caching-transform,write-file-atomic
hasha,is-stream
hasha,type-fest
package-hash,graceful-fs
package-hash,hasha
package-hash,lodash.flattendeep
package-hash,release-zalgo
release-zalgo,es6-error
foreground-child,cross-spawn
foreground-child,signal-exit
istanbul-lib-hook,append-transform
append-transform,default-require-extensions
default-require-extensions,strip-bom
istanbul-lib-processinfo,archy
istanbul-lib-processinfo,cross-spawn
istanbul-lib-processinfo,istanbul-lib-coverage
istanbul-lib-processinfo,make-dir
istanbul-lib-processinfo,p-map
istanbul-lib-processinfo,rimraf
istanbul-lib-processinfo,uuid
p-map,aggregate-error
aggregate-error,clean-stack
aggregate-error,indent-string
node-preload,process-on-spawn
process-on-spawn,fromentries
spawn-wrap,foreground-child
spawn-wrap,is-windows
spawn-wrap,make-dir
spawn-wrap,rimraf
spawn-wrap,signal-exit
spawn-wrap,which
pixelmatch,pngjs
puppeteer,debug
puppeteer,extract-zip
puppeteer,https-proxy-agent
puppeteer,mime
puppeteer,progress
puppeteer,proxy-from-env
puppeteer,rimraf
puppeteer,ws
extract-zip,concat-stream
extract-zip,debug
extract-zip,mkdirp
extract-zip,yauzl
concat-stream,buffer-from
concat-stream,inherits
concat-stream,readable-stream
concat-stream,typedarray
readable-stream,core-util-is
readable-stream,inherits
readable-stream,isarray
readable-stream,process-nextick-args
readable-stream,safe-buffer
readable-stream,string_decoder
readable-stream,util-deprecate
string_decoder,safe-buffer
yauzl,buffer-crc32
yauzl,fd-slicer
fd-slicer,pend
puppeteer-cluster,debug
rollup-plugin-babel,@babel/helper-module-imports
rollup-plugin-babel,rollup-pluginutils
rollup-plugin-copy-glob,chokidar
rollup-plugin-copy-glob,colors
rollup-plugin-copy-glob,glob
rollup-plugin-copy-glob,glob-parent
rollup-plugin-postcss,chalk
rollup-plugin-postcss,concat-with-sourcemaps
rollup-plugin-postcss,cssnano
rollup-plugin-postcss,import-cwd
rollup-plugin-postcss,p-queue
rollup-plugin-postcss,pify
rollup-plugin-postcss,postcss-load-config
rollup-plugin-postcss,postcss-modules
rollup-plugin-postcss,promise.series
rollup-plugin-postcss,resolve
rollup-plugin-postcss,rollup-pluginutils
rollup-plugin-postcss,safe-identifier
rollup-plugin-postcss,style-inject
rollup-plugin-svgo,svgo
rollup-plugin-terser,@babel/code-frame
rollup-plugin-terser,jest-worker
rollup-plugin-terser,serialize-javascript
rollup-plugin-terser,terser
serialize-javascript,randombytes
randombytes,safe-buffer
terser,@babel/code-frame
terser,jest-worker
terser,serialize-javascript
terser,terser
terser,@jridgewell/source-map
terser,acorn
terser,commander
terser,source-map-support
@jridgewell/source-map,@jridgewell/gen-mapping
@jridgewell/source-map,@jridgewell/trace-mapping
@jridgewell/gen-mapping,@jridgewell/set-array
@jridgewell/gen-mapping,@jridgewell/sourcemap-codec
@jridgewell/gen-mapping,@jridgewell/trace-mapping
@jridgewell/trace-mapping,@jridgewell/resolve-uri
@jridgewell/trace-mapping,@jridgewell/sourcemap-codec
style-loader,loader-utils
style-loader,schema-utils
svg-inline-loader,loader-utils
svg-inline-loader,object-assign
svg-inline-loader,simple-html-tokenizer
tslint,babel-code-frame
tslint,builtin-modules
tslint,chalk
tslint,commander
tslint,diff
tslint,glob
tslint,js-yaml
tslint,minimatch
tslint,resolve
tslint,semver
tslint,tslib
tslint,tsutils
babel-code-frame,chalk
babel-code-frame,esutils
babel-code-frame,js-tokens
tsutils,tslib
typescript,@babel/helper-plugin-utils
webpack,@types/eslint-scope
webpack,@types/estree
webpack,@webassemblyjs/ast
webpack,@webassemblyjs/helper-module-context
webpack,@webassemblyjs/wasm-edit
webpack,@webassemblyjs/wasm-parser
webpack,acorn
webpack,browserslist
webpack,chrome-trace-event
webpack,enhanced-resolve
webpack,eslint-scope
webpack,events
webpack,glob-to-regexp
webpack,graceful-fs
webpack,json-parse-better-errors
webpack,loader-runner
webpack,mime-types
webpack,neo-async
webpack,pkg-dir
webpack,schema-utils
webpack,tapable
webpack,terser-webpack-plugin
webpack,watchpack
webpack,webpack-sources
@types/eslint-scope,@types/eslint
@types/eslint-scope,@types/estree
@webassemblyjs/ast,@webassemblyjs/helper-module-context
@webassemblyjs/ast,@webassemblyjs/helper-wasm-bytecode
@webassemblyjs/ast,@webassemblyjs/wast-parser
@webassemblyjs/helper-module-context,@webassemblyjs/ast
@webassemblyjs/wast-parser,@webassemblyjs/ast
@webassemblyjs/wast-parser,@webassemblyjs/floating-point-hex-parser
@webassemblyjs/wast-parser,@webassemblyjs/helper-api-error
@webassemblyjs/wast-parser,@webassemblyjs/helper-code-frame
@webassemblyjs/wast-parser,@webassemblyjs/helper-fsm
@webassemblyjs/wast-parser,@xtuc/long
@webassemblyjs/helper-code-frame,@webassemblyjs/wast-printer
@webassemblyjs/wast-printer,@webassemblyjs/ast
@webassemblyjs/wast-printer,@webassemblyjs/wast-parser
@webassemblyjs/wast-printer,@xtuc/long
@webassemblyjs/wasm-edit,@webassemblyjs/ast
@webassemblyjs/wasm-edit,@webassemblyjs/helper-buffer
@webassemblyjs/wasm-edit,@webassemblyjs/helper-wasm-bytecode
@webassemblyjs/wasm-edit,@webassemblyjs/helper-wasm-section
@webassemblyjs/wasm-edit,@webassemblyjs/wasm-gen
@webassemblyjs/wasm-edit,@webassemblyjs/wasm-opt
@webassemblyjs/wasm-edit,@webassemblyjs/wasm-parser
@webassemblyjs/wasm-edit,@webassemblyjs/wast-printer
@webassemblyjs/helper-wasm-section,@webassemblyjs/ast
@webassemblyjs/helper-wasm-section,@webassemblyjs/helper-buffer
@webassemblyjs/helper-wasm-section,@webassemblyjs/helper-wasm-bytecode
@webassemblyjs/helper-wasm-section,@webassemblyjs/wasm-gen
@webassemblyjs/wasm-gen,@webassemblyjs/ast
@webassemblyjs/wasm-gen,@webassemblyjs/helper-wasm-bytecode
@webassemblyjs/wasm-gen,@webassemblyjs/ieee754
@webassemblyjs/wasm-gen,@webassemblyjs/leb128
@webassemblyjs/wasm-gen,@webassemblyjs/utf8
@webassemblyjs/ieee754,@xtuc/ieee754
@webassemblyjs/leb128,@xtuc/long
@webassemblyjs/wasm-opt,@webassemblyjs/ast
@webassemblyjs/wasm-opt,@webassemblyjs/helper-buffer
@webassemblyjs/wasm-opt,@webassemblyjs/wasm-gen
@webassemblyjs/wasm-opt,@webassemblyjs/wasm-parser
@webassemblyjs/wasm-parser,@webassemblyjs/ast
@webassemblyjs/wasm-parser,@webassemblyjs/helper-api-error
@webassemblyjs/wasm-parser,@webassemblyjs/helper-wasm-bytecode
@webassemblyjs/wasm-parser,@webassemblyjs/ieee754
@webassemblyjs/wasm-parser,@webassemblyjs/leb128
@webassemblyjs/wasm-parser,@webassemblyjs/utf8
enhanced-resolve,graceful-fs
enhanced-resolve,tapable
terser-webpack-plugin,jest-worker
terser-webpack-plugin,p-limit
terser-webpack-plugin,schema-utils
terser-webpack-plugin,serialize-javascript
terser-webpack-plugin,source-map
terser-webpack-plugin,terser
watchpack,glob-to-regexp
watchpack,graceful-fs
webpack-sources,source-list-map
webpack-sources,source-map
webpack-bundle-analyzer,acorn
webpack-bundle-analyzer,acorn-walk
webpack-bundle-analyzer,chalk
webpack-bundle-analyzer,commander
webpack-bundle-analyzer,gzip-size
webpack-bundle-analyzer,lodash
webpack-bundle-analyzer,opener
webpack-bundle-analyzer,sirv
webpack-bundle-analyzer,ws
gzip-size,duplexer
sirv,@polka/url
sirv,mrmime
sirv,totalist
webpack-cli,@discoveryjs/json-ext
webpack-cli,@webpack-cli/configtest
webpack-cli,@webpack-cli/info
webpack-cli,@webpack-cli/serve
webpack-cli,colorette
webpack-cli,commander
webpack-cli,execa
webpack-cli,fastest-levenshtein
webpack-cli,import-local
webpack-cli,interpret
webpack-cli,rechoir
webpack-cli,webpack-merge
@webpack-cli/info,envinfo
rechoir,resolve
webpack-merge,clone-deep
webpack-merge,wildcard
clone-deep,is-plain-object
clone-deep,kind-of
clone-deep,shallow-clone
is-plain-object,isobject
shallow-clone,kind-of
