x,y
apexcharts.js,0
svg.draggable.js,1
svg.easing.js,1
svg.filter.js,1
svg.pathmorphing.js,1
svg.resize.js,1
svg.select.js,2
svg.js,6
axios,5
follow-redirects,2
form-data,4
proxy-from-env,2
@nextcloud/auth,7
core-js,25
tslib,16
asynckit,1
combined-stream,2
mime-types,11
delayed-stream,2
mime-db,3
card,0
node.extend,1
payment,1
qj,2
has,14
is,1
globalthis,2
define-properties,17
object-keys,3
has-property-descriptors,2
clipboard.js,0
good-listener,2
select,2
tiny-emitter,3
delegate,1
cz-cli,0
cachedir,2
cz-conventional-changelog,2
dedent,2
detect-indent,3
find-node-modules,2
find-root,3
fs-extra,19
glob,20
inquirer,2
is-utf8,2
lodash,42
minimist,14
strip-bom,4
strip-json-comments,6
chalk,46
commitizen,1
conventional-commit-types,1
lodash.map,1
longest,1
word-wrap,2
ansi-styles,3
supports-color,5
escape-string-regexp,7
has-ansi,1
strip-ansi,12
has-color,1
@types/color-name,1
color-convert,3
color-name,2
has-flag,2
repeating,1
findup-sync,3
merge,1
detect-file,1
is-glob,11
micromatch,10
resolve-dir,2
is-extglob,4
braces,2
picomatch,5
arr-diff,2
array-unique,4
define-property,11
extend-shallow,13
extglob,1
fragment-cache,3
kind-of,15
nanomatch,1
object.pick,3
regex-not,5
snapdragon,5
to-regex,5
expand-brackets,2
filename-regex,1
normalize-path,6
object.omit,1
parse-glob,1
regex-cache,1
fill-range,2
expand-range,1
preserve,1
repeat-element,2
arr-flatten,3
isobject,14
snapdragon-node,1
split-string,2
to-regex-range,1
is-number,4
randomatic,1
repeat-string,2
expand-tilde,3
global-modules,1
homedir-polyfill,3
parse-passwd,1
global-prefix,1
is-windows,3
ini,4
which,6
isexe,1
graceful-fs,17
jsonfile,1
universalify,3
at-least-node,1
@types/node,57
@types/jsonfile,2
fs.realpath,1
inflight,1
inherits,32
minimatch,24
once,6
path-is-absolute,4
path-type,4
@nodelib/fs.stat,3
@nodelib/fs.walk,3
glob-parent,5
merge2,3
@types/events,2
@types/minimatch,3
wrappy,2
brace-expansion,1
balanced-match,1
concat-map,1
pify,10
@nodelib/fs.scandir,1
fastq,1
run-parallel,1
queue-microtask,1
reusify,1
path-dirname,1
ansi-escapes,1
cli-cursor,2
cli-width,1
external-editor,1
figures,3
mute-stream,1
run-async,1
rxjs,1
string-width,10
through,2
ora,4
wrap-ansi,3
restore-cursor,1
onetime,3
signal-exit,4
mimic-fn,2
chardet,1
iconv-lite,11
tmp,5
safer-buffer,6
os-tmpdir,3
os-homedir,3
rimraf,14
object-assign,9
emoji-regex,1
is-fullwidth-code-point,1
code-point-at,1
ansi-regex,5
bl,3
cli-spinners,1
is-interactive,1
is-unicode-supported,2
log-symbols,2
wcwidth,1
buffer,9
readable-stream,30
safe-buffer,36
base64-js,3
ieee754,3
string_decoder,4
util-deprecate,3
core-util-is,2
isarray,4
process-nextick-args,1
abort-controller,3
events,4
process,4
defaults,1
clone,3
ecma262,0
ecmarkup,1
command-line-args,1
command-line-usage,1
dedent-js,1
ecmarkdown,1
eslint-formatter-codeframe,1
fast-glob,3
grammarkdown,1
highlight.js,1
html-escape,1
js-yaml,13
jsdom,3
nwsapi,2
parse5,2
prex,1
promise-debounce,1
array-back,4
find-replace,1
lodash.camelcase,1
typical,4
table-layout,1
deep-extend,2
wordwrapjs,1
reduce-flatten,1
escape-html,13
@babel/code-frame,8
@babel/highlight,1
@babel/helper-validator-identifier,5
js-tokens,3
@esfx/async-canceltoken,1
@esfx/cancelable,3
@esfx/collections-linkedlist,1
@esfx/disposable,3
@esfx/internal-guards,4
@esfx/internal-tag,2
@esfx/internal-deprecate,2
@esfx/type-model,1
@esfx/collection-core,1
@esfx/equatable,1
argparse,5
esprima,5
sprintf-js,3
abab,2
acorn,7
acorn-globals,1
cssom,2
cssstyle,1
data-urls,1
decimal.js,2
domexception,2
escodegen,2
html-encoding-sniffer,1
http-proxy-agent,4
https-proxy-agent,6
is-potential-custom-element-name,1
saxes,1
symbol-tree,1
tough-cookie,3
w3c-hr-time,1
w3c-xmlserializer,1
webidl-conversions,4
whatwg-encoding,2
whatwg-mimetype,2
whatwg-url,3
ws,8
xml-name-validator,3
array-equal,1
pn,1
request,3
request-promise-native,1
acorn-walk,3
lodash.sortby,1
tr46,1
punycode,4
estraverse,6
esutils,6
optionator,2
deep-is,1
fast-levenshtein,1
levn,2
prelude-ls,3
type-check,2
@tootallnate/once,3
agent-base,4
debug,69
ms,6
@types/ms,2
electron-is-dev,1
electron-localshortcut,1
@babel/helper-module-imports,6
@babel/helper-replace-supers,4
@babel/helper-simple-access,3
@babel/helper-split-export-declaration,5
@babel/template,7
@babel/traverse,10
@babel/types,30
@babel/helper-environment-visitor,8
xmlchars,1
psl,1
ip-regex,2
browser-process-hrtime,1
aws-sign2,1
aws4,1
caseless,1
extend,9
forever-agent,1
har-validator,1
http-signature,1
is-typedarray,3
isstream,1
json-stringify-safe,3
oauth-sign,1
performance-now,1
qs,5
tunnel-agent,3
uuid,9
@types/caseless,1
@types/tough-cookie,1
clone-response,2
get-stream,9
http-cache-semantics,3
keyv,2
lowercase-keys,4
normalize-url,3
responselike,3
ajv,10
har-schema,2
fast-deep-equal,3
fast-json-stable-stringify,2
json-schema-traverse,1
uri-js,1
require-from-string,1
assert-plus,6
jsprim,1
sshpk,1
extsprintf,2
json-schema,1
verror,1
asn1,1
bcrypt-pbkdf,1
dashdash,1
ecc-jsbn,1
getpass,1
jsbn,3
tweetnacl,3
request-promise-core,1
stealthy-require,1
framework,0
aurelia-binding,2
aurelia-dependency-injection,2
aurelia-loader,2
aurelia-logging,3
aurelia-metadata,5
aurelia-pal,6
aurelia-path,3
aurelia-task-queue,3
aurelia-templating,1
gopherjs,0
source-map-support,4
buffer-from,3
source-map,21
@jridgewell/gen-mapping,3
@jridgewell/trace-mapping,4
convert-source-map,7
inline-source-map,1
lodash.memoize,2
muggle-string,1
gpu.js,0
gl,1
gl-wiretap,1
gpu-mock.js,1
webgpu,1
bindings,3
bit-twiddle,1
glsl-tokenizer,1
nan,2
node-abi,2
node-gyp,1
prebuild-install,3
file-uri-to-path,2
through2,3
xtend,6
semver,41
lru-cache,8
yallist,5
pseudomap,2
env-paths,3
nopt,6
npmlog,3
tar,4
make-fetch-happen,1
is-descriptor,1
is-accessor-descriptor,1
is-data-descriptor,1
is-buffer,4
posix-character-classes,1
is-posix-bracket,1
is-extendable,5
assign-symbols,1
is-plain-object,4
safe-regex,2
ret,1
base,1
map-cache,3
source-map-resolve,1
use,1
cache-base,1
class-utils,1
component-emitter,3
mixin-deep,1
pascalcase,1
collection-visit,2
get-value,4
has-value,4
set-value,3
to-object-path,2
union-value,2
unset-value,2
map-visit,1
object-visit,2
has-values,1
arr-union,2
static-extend,1
object-copy,1
copy-descriptor,1
for-in,2
@jridgewell/set-array,1
@jridgewell/sourcemap-codec,2
@jridgewell/resolve-uri,1
atob,2
decode-uri-component,3
resolve-url,3
source-map-url,2
urix,2
abbrev,1
osenv,1
are-we-there-yet,1
console-control-strings,2
gauge,1
set-blocking,2
delegates,2
aproba,1
has-unicode,1
wide-align,1
color-support,1
@types/glob,3
chownr,4
fs-minipass,3
minipass,13
minizlib,2
mkdirp,17
node-addon-api,1
agentkeepalive,1
cacache,1
is-lambda,1
minipass-collect,3
minipass-fetch,1
minipass-flush,3
minipass-pipeline,3
negotiator,2
promise-retry,1
socks-proxy-agent,2
ssri,3
depd,8
humanize-ms,1
@npmcli/fs,2
@npmcli/move-file,2
infer-owner,2
p-map,3
promise-inflight,2
unique-filename,2
@gar/promisify,1
aggregate-error,1
clean-stack,1
indent-string,2
unique-slug,1
imurmurhash,3
minipass-sized,1
err-code,2
retry,3
socks,1
ip,5
smart-buffer,1
yauzl,3
detect-libc,2
expand-template,1
github-from-package,1
mkdirp-classic,2
napi-build-utils,1
noop-logger,1
pump,4
rc,4
simple-get,1
tar-fs,2
which-pm-runs,1
end-of-stream,3
espree,4
globals,6
ignore,7
import-fresh,4
decompress-response,2
simple-concat,1
mimic-response,3
tar-stream,4
fs-constants,1
buffer-alloc,3
to-buffer,1
html2canvas,0
css-line-break,1
text-segmentation,1
utrie,2
base64-arraybuffer,1
JavaScript,0
@babel/core,5
@babel/plugin-transform-runtime,1
@babel/preset-env,2
@ampproject/remapping,1
@babel/generator,3
@babel/helper-compilation-targets,6
@babel/helper-module-transforms,5
@babel/helpers,1
@babel/parser,10
gensync,1
json5,5
jsesc,3
@babel/helper-string-parser,1
to-fast-properties,2
@babel/compat-data,4
@babel/helper-validator-option,3
browserslist,12
caniuse-lite,3
electron-to-chromium,1
node-releases,1
update-browserslist-db,1
colorette,3
escalade,3
picocolors,2
@babel/helper-function-name,5
@babel/helper-hoist-variables,2
type-fest,9
@jest/environment,1
@jest/expect,1
@jest/types,12
jest-mock,3
@jest/fake-timers,1
@sinonjs/fake-timers,1
jest-message-util,3
jest-util,8
@jest/schemas,2
@types/istanbul-lib-coverage,2
@types/istanbul-reports,1
@types/yargs,2
@sinclair/typebox,1
@types/istanbul-lib-report,1
@types/yargs-parser,2
@sinonjs/commons,1
type-detect,4
@types/stack-utils,1
pretty-format,6
slash,6
stack-utils,1
react-is,6
ci-info,3
expect,3
jest-snapshot,2
@jest/expect-utils,2
jest-get-type,6
jest-matcher-utils,2
@babel/plugin-syntax-jsx,3
@babel/plugin-syntax-typescript,1
@jest/transform,1
@types/babel__traverse,1
@types/prettier,1
babel-preset-current-node-syntax,1
jest-diff,2
jest-haste-map,3
natural-compare,3
@babel/helper-plugin-utils,79
babel-plugin-istanbul,1
jest-regex-util,2
pirates,1
write-file-atomic,2
@istanbuljs/load-nyc-config,1
@istanbuljs/schema,3
istanbul-lib-instrument,1
test-exclude,1
camelcase,8
find-up,8
get-package-type,1
resolve-from,6
locate-path,1
path-exists,3
pinkie-promise,3
p-locate,2
p-limit,4
yocto-queue,1
p-try,1
istanbul-lib-coverage,1
@types/graceful-fs,1
anymatch,2
fb-watchman,1
jest-worker,3
walker,1
bser,1
node-int64,1
merge-stream,1
makeerror,1
tmpl,1
typedarray-to-buffer,1
@babel/plugin-syntax-async-generators,3
@babel/plugin-syntax-bigint,1
@babel/plugin-syntax-class-properties,2
@babel/plugin-syntax-import-meta,1
@babel/plugin-syntax-json-strings,3
@babel/plugin-syntax-logical-assignment-operators,3
@babel/plugin-syntax-nullish-coalescing-operator,3
@babel/plugin-syntax-numeric-separator,3
@babel/plugin-syntax-object-rest-spread,3
@babel/plugin-syntax-optional-catch-binding,3
@babel/plugin-syntax-optional-chaining,3
@babel/plugin-syntax-top-level-await,2
diff-sequences,1
babel-plugin-polyfill-corejs2,2
babel-plugin-polyfill-corejs3,2
babel-plugin-polyfill-regenerator,2
@babel/helper-define-polyfill-provider,3
lodash.debounce,2
resolve,15
is-core-module,3
path-parse,1
supports-preserve-symlinks-flag,1
jest-pnp-resolver,1
jest-validate,1
resolve.exports,1
tapable,3
@rollup/pluginutils,1
@types/resolve,1
builtin-modules,1
deepmerge,1
is-module,1
read-pkg-up,5
leven,1
core-js-compat,2
@babel/plugin-bugfix-safari-id-destructuring-collision-in-function-expression,1
@babel/plugin-bugfix-v8-spread-parameters-in-optional-chaining,1
@babel/plugin-proposal-async-generator-functions,1
@babel/plugin-proposal-class-properties,2
@babel/plugin-proposal-class-static-block,1
@babel/plugin-proposal-dynamic-import,1
@babel/plugin-proposal-export-namespace-from,1
@babel/plugin-proposal-json-strings,1
@babel/plugin-proposal-logical-assignment-operators,1
@babel/plugin-proposal-nullish-coalescing-operator,1
@babel/plugin-proposal-numeric-separator,1
@babel/plugin-proposal-object-rest-spread,1
@babel/plugin-proposal-optional-catch-binding,1
@babel/plugin-proposal-optional-chaining,3
@babel/plugin-proposal-private-methods,1
@babel/plugin-proposal-private-property-in-object,1
@babel/plugin-proposal-unicode-property-regex,2
@babel/plugin-syntax-class-static-block,2
@babel/plugin-syntax-dynamic-import,2
@babel/plugin-syntax-export-namespace-from,2
@babel/plugin-syntax-import-assertions,1
@babel/plugin-syntax-private-property-in-object,2
@babel/plugin-transform-arrow-functions,1
@babel/plugin-transform-async-to-generator,1
@babel/plugin-transform-block-scoped-functions,1
@babel/plugin-transform-block-scoping,1
@babel/plugin-transform-classes,1
@babel/plugin-transform-computed-properties,1
@babel/plugin-transform-destructuring,1
@babel/plugin-transform-dotall-regex,2
@babel/plugin-transform-duplicate-keys,1
@babel/plugin-transform-exponentiation-operator,1
@babel/plugin-transform-for-of,1
@babel/plugin-transform-function-name,1
@babel/plugin-transform-literals,1
@babel/plugin-transform-member-expression-literals,1
@babel/plugin-transform-modules-amd,1
@babel/plugin-transform-modules-commonjs,1
@babel/plugin-transform-modules-systemjs,1
@babel/plugin-transform-modules-umd,1
@babel/plugin-transform-named-capturing-groups-regex,1
@babel/plugin-transform-new-target,1
@babel/plugin-transform-object-super,1
@babel/plugin-transform-parameters,2
@babel/plugin-transform-property-literals,1
@babel/plugin-transform-regenerator,1
@babel/plugin-transform-reserved-words,1
@babel/plugin-transform-shorthand-properties,1
@babel/plugin-transform-spread,1
@babel/plugin-transform-sticky-regex,1
@babel/plugin-transform-template-literals,1
@babel/plugin-transform-typeof-symbol,1
@babel/plugin-transform-unicode-escapes,1
@babel/plugin-transform-unicode-regex,1
@babel/preset-modules,1
@babel/helper-skip-transparent-expression-wrappers,3
@babel/helper-remap-async-to-generator,2
@babel/helper-annotate-as-pure,7
@babel/helper-wrap-function,1
@babel/helper-create-class-features-plugin,5
@babel/helper-member-expression-to-functions,2
@babel/helper-optimise-call-expression,3
@babel/helper-create-regexp-features-plugin,4
regexpu-core,1
regenerate,2
regenerate-unicode-properties,1
regjsgen,1
regjsparser,1
unicode-match-property-ecmascript,1
unicode-match-property-value-ecmascript,1
unicode-canonical-property-names-ecmascript,1
unicode-property-aliases-ecmascript,1
@babel/helper-builder-binary-assignment-operator-visitor,1
@babel/helper-explode-assignable-expression,1
babel-plugin-dynamic-import-node,3
object.assign,3
regenerator-transform,1
@babel/runtime,32
regenerator-runtime,9
johnny-five,0
lodash.clonedeep,1
nanotimer,1
temporal,1
jsdoc,0
@babel/eslint-parser,1
@nicolo-ribaudo/eslint-scope-5-internals,1
eslint-visitor-keys,7
eslint-scope,5
esrecurse,1
@types/eslint,2
@types/estree,6
keeweb,0
@babel/plugin-external-helpers,1
@fortawesome/fontawesome-free,1
@keeweb/keeweb-native-messaging-host,1
@keeweb/keeweb-native-modules,1
adm-zip,1
argon2-browser,1
autoprefixer,1
babel-cli,1
babel-eslint,2
babel-loader,1
baron,1
base64-inline-loader,1
base64-loader,1
bourbon,1
chai,1
cross-env,1
css-loader,1
dompurify,3
electron,1
electron-builder,1
electron-evil-feature-patcher,1
electron-notarize,2
electron-osx-sign,2
eslint,5
eslint-config-prettier,1
eslint-config-standard,2
eslint-plugin-babel,1
eslint-plugin-import,2
eslint-plugin-node,1
eslint-plugin-prettier,1
eslint-plugin-promise,2
eslint-plugin-standard,1
exports-loader,1
grunt,1
grunt-chmod,1
grunt-contrib-clean,1
grunt-contrib-compress,1
grunt-contrib-copy,1
grunt-contrib-deb,1
grunt-contrib-htmlmin,1
grunt-contrib-watch,1
grunt-electron,1
grunt-eslint,1
grunt-inline-alt,1
grunt-string-replace,1
grunt-webpack,1
handlebars,2
handlebars-loader,1
html-minifier,2
ignore-loader,1
jquery,5
json-loader,1
jsqrcode,1
kdbxweb,1
load-grunt-tasks,1
marked,3
mini-css-extract-plugin,1
mocha,2
morphdom,1
node-fetch,7
normalize.css,1
optimize-css-assets-webpack-plugin,1
pikaday,1
pkcs11-smartcard-sign,1
postcss,37
postcss-loader,1
prettier,1
puppeteer,1
raw-loader,1
run-remote-task,1
sass,1
sass-loader,1
stats-webpack-plugin,1
string-replace-loader,1
strip-sourcemap-loader,1
sumchecker,2
svg2ttf,1
svgicons2svgfont,1
terser-webpack-plugin,2
time-grunt,1
url-loader,1
wawoff2,1
webpack,1
webpack-bundle-analyzer,1
webpack-dev-server,1
fraction.js,2
normalize-range,1
postcss-value-parser,23
babel-core,2
babel-polyfill,1
babel-register,2
babel-runtime,10
commander,11
fs-readdir-recursive,1
output-file-sync,1
v8flags,2
babel-code-frame,2
babel-generator,1
babel-helpers,1
babel-messages,3
babel-template,2
babel-traverse,2
babel-types,4
babylon,3
private,1
trim-right,1
is-finite,2
number-is-nan,3
invariant,1
loose-envify,5
home-or-tmp,1
user-home,1
find-cache-dir,1
loader-utils,10
make-dir,5
schema-utils,12
commondir,1
pkg-dir,4
big.js,1
emojis-list,1
ajv-keywords,2
@types/json-schema,4
ajv-errors,1
ajv-formats,3
file-loader,1
assertion-error,4
check-error,2
deep-eql,2
get-func-name,2
pathval,2
cross-spawn,4
path-key,2
shebang-command,1
nice-try,1
shebang-regex,1
icss-utils,3
postcss-modules-extract-imports,1
postcss-modules-local-by-default,1
postcss-modules-scope,1
postcss-modules-values,1
cosmiconfig,4
klona,3
nanoid,2
source-map-js,1
js-base64,1
postcss-selector-parser,7
dot-prop,3
indexes-of,1
uniq,1
cssesc,1
is-obj,1
is-directory,1
parse-json,2
@types/parse-json,1
yaml,2
caller-path,2
parent-module,1
caller-callsite,1
callsites,2
@electron/get,2
extract-zip,3
electron-packager,2
got,4
progress,3
sanitize-filename,2
@sindresorhus/is,1
@szmarczak/http-timer,1
cacheable-request,1
duplexer3,1
p-cancelable,1
to-readable-stream,1
url-parse-lax,1
into-stream,1
is-retry-allowed,1
isurl,2
p-timeout,4
timed-out,1
url-to-options,2
@types/cacheable-request,1
@types/responselike,2
cacheable-lookup,1
http2-wrapper,1
defer-to-connect,1
json-buffer,1
prepend-http,1
truncate-utf8-bytes,1
utf8-byte-length,1
concat-stream,1
buffer-crc32,3
fd-slicer,1
pend,1
typedarray,1
asar,2
filenamify,2
galactus,1
get-package-info,1
junk,1
parse-author,1
plist,2
rcedit,1
yargs-parser,4
chromium-pickle-js,2
bluebird,5
compare-version,1
isbinaryfile,1
buffer-alloc-unsafe,1
buffer-fill,1
xmlbuilder,2
xmldom,3
filename-reserved-regex,1
strip-outer,1
trim-repeated,1
flora-colossus,1
lodash.get,2
read-pkg,2
load-json-file,2
normalize-package-data,2
hosted-git-info,2
validate-npm-package-license,1
spdx-correct,1
spdx-expression-parse,2
spdx-license-ids,2
spdx-exceptions,1
author-regex,1
app-builder-lib,2
builder-util,4
builder-util-runtime,5
dmg-builder,1
is-ci,4
lazy-val,4
read-config-file,2
update-notifier,2
yargs,7
@develar/schema-utils,1
@electron/universal,1
@malept/flatpak-bundler,1
7zip-bin,2
async-exit-hook,2
bluebird-lst,2
ejs,3
electron-publish,1
istextorbinary,1
temp-file,2
@malept/cross-spawn-promise,1
dir-compare,1
buffer-equal,2
colors,4
tmp-promise,1
@types/debug,2
@types/fs-extra,3
app-builder-bin,1
stat-mode,1
sax,7
jake,1
async,11
filelist,1
mime,7
binaryextensions,1
editions,1
textextensions,1
errlop,1
version-range,1
version-compare,1
dotenv,3
dotenv-expand,1
boxen,3
configstore,2
has-yarn,1
import-lazy,1
is-installed-globally,1
is-npm,1
is-yarn-global,1
latest-version,1
pupa,1
semver-diff,1
xdg-basedir,4
ansi-align,1
cli-boxes,1
widest-line,1
unique-string,1
crypto-random-string,1
global-dirs,1
is-path-inside,3
package-json,1
registry-auth-token,1
registry-url,1
acorn-jsx,1
escape-goat,1
cliui,1
get-caller-file,1
require-directory,1
require-main-filename,1
which-module,1
y18n,1
decamelize,4
os-locale,1
@eslint/eslintrc,1
doctrine,5
enquirer,1
eslint-utils,6
esquery,2
file-entry-cache,1
functional-red-black-tree,1
json-stable-stringify-without-jsonify,1
regexpp,3
table,1
text-table,4
v8-compile-cache,1
@humanwhocodes/config-array,1
@humanwhocodes/module-importer,1
grapheme-splitter,1
js-sdsl,1
lodash.merge,2
ansi-colors,3
flat-cache,2
flatted,2
eslint-rule-composer,1
array-includes,4
array.prototype.flat,1
contains-path,1
eslint-import-resolver-node,1
eslint-module-utils,1
object.values,4
tsconfig-paths,1
es-abstract,13
is-string,3
call-bind,22
get-intrinsic,10
es-to-primitive,1
function-bind,6
has-symbols,8
is-callable,2
is-negative-zero,1
is-regex,3
object-inspect,2
string.prototype.trimend,1
string.prototype.trimstart,1
unbox-primitive,1
function.prototype.name,1
get-symbol-description,1
internal-slot,2
is-shared-array-buffer,1
is-weakref,1
regexp.prototype.flags,3
safe-regex-test,1
is-date-object,2
is-symbol,2
has-tostringtag,2
has-bigints,1
which-boxed-primitive,1
is-bigint,1
is-boolean-object,1
is-number-object,1
@types/json5,1
eslint-plugin-es,2
prettier-linter-helpers,1
fast-diff,1
dateformat,2
eventemitter2,1
exit,2
grunt-cli,1
grunt-known-options,2
grunt-legacy-log,1
grunt-legacy-util,1
date-time,2
hooker,4
pretty-ms,3
interpret,1
liftup,1
fined,1
flagged-respawn,1
object.map,1
rechoir,1
object.defaults,1
parse-filepath,1
array-each,1
array-slice,1
for-own,3
is-absolute,1
path-root,1
path-root-regex,1
make-iterator,1
grunt-legacy-log-utils,1
getobject,1
underscore.string,1
time-zone,1
parse-ms,1
plur,1
shelljs,1
archiver,1
pretty-bytes,2
stream-buffers,1
archiver-utils,2
zip-stream,1
lazystream,1
lodash.defaults,1
lodash.difference,1
lodash.flatten,1
lodash.isplainobject,2
lodash.union,1
compress-commons,1
crc32-stream,1
crc,1
file-sync-cmp,1
ar-async,1
camel-case,1
clean-css,2
he,3
param-case,1
relateurl,1
uglify-js,2
no-case,2
upper-case,1
lower-case,1
gaze,1
tiny-lr,1
globule,1
body,1
faye-websocket,3
livereload-js,1
continuable-cache,1
error,1
raw-body,3
safe-json-parse,1
bytes,4
http-errors,8
unpipe,3
setprototypeof,2
statuses,5
toidentifier,1
websocket-driver,2
http-parser-js,1
websocket-extensions,1
datauri,1
image-size,2
mimer,1
queue,1
deep-for-each,2
neo-async,3
wordwrap,1
fastparse,1
pako,4
arrify,7
multimatch,1
pkg-up,2
resolve-pkg,1
array-differ,1
array-union,2
webpack-sources,3
source-list-map,1
browser-stdout,1
chokidar,3
diff,2
serialize-javascript,2
workerpool,1
yargs-unparser,1
@ungap/promise-all-settled,1
growl,1
async-each,1
fsevents,1
is-binary-path,1
readdirp,1
upath,1
glob-base,1
is-dotfile,1
is-equal-shallow,1
is-primitive,1
node-pre-gyp,1
needle,2
npm-packlist,1
ignore-walk,1
npm-bundled,1
npm-normalize-package-bin,1
binary-extensions,1
math-random,1
snapdragon-util,1
randombytes,6
flat,1
is-plain-obj,4
data-uri-to-buffer,2
fetch-blob,2
formdata-polyfill,1
cssnano,1
last-call-webpack-plugin,1
cssnano-preset-default,1
is-resolvable,1
css-declaration-sorter,1
cssnano-util-raw-cache,1
postcss-calc,1
postcss-colormin,1
postcss-convert-values,1
postcss-discard-comments,1
postcss-discard-duplicates,1
postcss-discard-empty,1
postcss-discard-overridden,1
postcss-merge-longhand,1
postcss-merge-rules,1
postcss-minify-font-values,1
postcss-minify-gradients,1
postcss-minify-params,1
postcss-minify-selectors,1
postcss-normalize-charset,1
postcss-normalize-display-values,1
postcss-normalize-positions,1
postcss-normalize-repeat-style,1
postcss-normalize-string,1
postcss-normalize-timing-functions,1
postcss-normalize-unicode,1
postcss-normalize-url,1
postcss-normalize-whitespace,1
postcss-ordered-values,1
postcss-reduce-initial,1
postcss-reduce-transforms,1
postcss-svgo,1
postcss-unique-selectors,1
timsort,1
color,2
color-string,1
css-color-names,2
stylehacks,1
caniuse-api,2
cssnano-util-same-parent,1
vendors,1
lodash.uniq,1
cssnano-util-get-arguments,5
is-color-stop,1
hex-color-regex,1
hsl-regex,1
hsla-regex,1
rgb-regex,1
rgba-regex,1
alphanum-sort,3
uniqs,2
cssnano-util-get-match,4
is-absolute-url,3
is-svg,4
svgo,2
html-comment-regex,1
fast-xml-parser,2
coa,1
css-select,1
css-select-base-adapter,1
css-tree,2
csso,1
stable,1
unquote,1
util.promisify,1
@types/q,1
q,1
boolbase,2
css-what,1
domutils,1
nth-check,2
dom-serializer,1
domelementtype,2
entities,4
mdn-data,1
object.getownpropertydescriptors,1
devtools-protocol,1
unbzip2-stream,2
@google-cloud/storage,1
aws-sdk,1
@google-cloud/common,1
@google-cloud/paginator,1
@google-cloud/promisify,2
compressible,2
date-and-time,1
duplexify,3
gaxios,5
gcs-resumable-upload,1
hash-stream-validation,1
pumpify,2
snakeize,1
stream-events,3
@google-cloud/projectify,1
ent,1
google-auth-library,2
retry-request,1
teeny-request,1
stream-shift,1
ecdsa-sig-formatter,2
fast-text-encoding,1
gcp-metadata,1
gtoken,1
jws,2
is-stream,6
event-target-shim,1
json-bigint,1
bignumber.js,1
google-p12-pem,1
node-forge,2
jwa,1
buffer-equal-constant-time,1
stubs,1
jmespath,1
querystring,1
url,4
xml2js,2
@xtuc/ieee754,2
cubic2quad,1
microbuffer,1
svgpath,1
array.prototype.flatmap,3
geometry-interfaces,1
neatequal,1
string.fromcodepoint,1
string.prototype.codepointat,1
svg-pathdata,1
es-shim-unscopables,2
varstream,1
terser,1
@types/eslint-scope,1
@webassemblyjs/ast,7
@webassemblyjs/wasm-edit,1
@webassemblyjs/wasm-parser,3
chrome-trace-event,1
enhanced-resolve,2
es-module-lexer,1
glob-to-regexp,2
json-parse-better-errors,1
loader-runner,1
watchpack,1
@webassemblyjs/helper-numbers,1
@webassemblyjs/helper-wasm-bytecode,5
@webassemblyjs/floating-point-hex-parser,1
@webassemblyjs/helper-api-error,2
@xtuc/long,3
@webassemblyjs/helper-buffer,3
@webassemblyjs/helper-wasm-section,1
@webassemblyjs/wasm-gen,3
@webassemblyjs/wasm-opt,1
@webassemblyjs/wast-printer,1
@webassemblyjs/ieee754,2
@webassemblyjs/leb128,2
@webassemblyjs/utf8,2
gzip-size,2
opener,1
sirv,1
duplexer,1
@polka/url,1
totalist,1
ansi-html,1
bonjour,1
compression,2
connect-history-api-fallback,1
del,1
express,4
html-entities,1
http-proxy-middleware,1
import-local,1
internal-ip,1
killable,1
loglevel,1
opn,1
p-retry,1
portfinder,1
selfsigned,1
serve-index,1
sockjs,1
sockjs-client,1
spdy,1
webpack-dev-middleware,1
webpack-log,2
array-flatten,2
deep-equal,2
dns-equal,1
dns-txt,1
multicast-dns,1
multicast-dns-service-types,1
is-arguments,1
object-is,1
functions-have-names,2
buffer-indexof,1
dns-packet,1
thunky,1
accepts,7
on-headers,2
vary,4
@types/express,12
globby,6
is-path-cwd,1
is-path-in-cwd,1
dir-glob,1
pinkie,1
body-parser,2
content-disposition,3
content-type,4
cookie,3
cookie-signature,2
encodeurl,5
etag,2
finalhandler,1
fresh,3
merge-descriptors,1
methods,1
on-finished,5
parseurl,6
path-to-regexp,1
proxy-addr,2
range-parser,3
send,2
serve-static,1
type-is,3
utils-merge,2
@types/body-parser,2
@types/express-serve-static-core,2
@types/qs,3
@types/serve-static,2
@types/connect,2
ylru,2
ee-first,1
media-typer,2
forwarded,1
ipaddr.js,3
destroy,2
http-proxy,1
eventemitter3,5
requires-port,2
resolve-cwd,1
default-gateway,1
execa,1
npm-run-path,1
p-finally,2
strip-eof,1
is-wsl,2
is-docker,2
batch,1
eventsource,1
json3,1
url-parse,3
original,1
querystringify,1
handle-thing,1
http-deceiver,1
select-hose,1
spdy-transport,1
detect-node,2
hpack.js,1
obuf,2
wbuf,2
minimalistic-assert,6
memory-fs,1
errno,1
prr,1
lowdb,0
steno,1
lx-music-desktop,0
@simonwep/pickr,1
better-sqlite3,1
bufferutil,1
comlink,1
crypto-js,1
electron-log,1
electron-store,1
font-list,1
http-terminator,1
jschardet,1
koa,1
long,1
music-metadata,2
node-id3,1
socket.io,2
sortablejs,2
tunnel,2
utf-8-validate,1
vue,7
vue-router,2
nanopop,1
node-gyp-build,2
conf,1
atomically,1
debounce-fn,1
json-schema-typed,1
delay,1
p-wait-for,1
roarr,1
boolean,2
fast-json-stringify,1
fast-printf,1
safe-stable-stringify,1
semver-compare,1
@fastify/deepmerge,1
fast-uri,1
rfdc,1
cache-content-type,1
cookies,1
http-assert,1
is-generator-function,1
koa-compose,2
koa-convert,1
only,1
keygrip,1
tsscmp,2
electron-is-accelerator,1
keyboardevent-from-electron-accelerator,1
keyboardevents-areequal,1
co,1
@tokenizer/token,3
file-type,9
strtok3,2
token-types,2
readable-web-to-node-stream,1
peek-readable,1
base64id,2
engine.io,1
socket.io-adapter,1
socket.io-parser,1
@types/cookie,1
@types/cors,1
cors,1
engine.io-parser,1
@socket.io/component-emitter,1
vue-eslint-parser,1
@vue/compiler-dom,3
@vue/compiler-sfc,1
@vue/runtime-dom,1
@vue/server-renderer,1
@vue/shared,10
@nextcloud/logger,5
ical.js,3
icalzone,2
@floating-ui/dom,3
@nextcloud/axios,5
@nextcloud/browser-storage,3
@nextcloud/calendar-js,2
@nextcloud/capabilities,3
@nextcloud/dialogs,3
@nextcloud/event-bus,4
@nextcloud/initial-state,4
@nextcloud/l10n,8
@nextcloud/router,6
@nextcloud/vue-select,2
@skjnldsv/sanitize-svg,3
debounce,3
emoji-mart-vue-fast,2
floating-vue,2
focus-trap,2
hammerjs,2
linkify-string,2
md5,5
node-polyfill-webpack-plugin,2
rehype-react,2
remark-breaks,2
remark-external-links,2
remark-parse,2
remark-rehype,2
splitpanes,2
string-length,2
striptags,2
tributejs,2
unified,7
unist-builder,2
unist-util-visit,7
v-click-outside,3
vue-color,2
vue-material-design-icons,3
vue-multiselect,3
vue2-datepicker,2
linkifyjs,2
style-loader,2
v-tooltip,3
vue-visible,2
@testing-library/dom,2
@vue/test-utils,1
vue-resize,4
stylelint-config-html,1
stylelint-config-recommended,1
csstype,8
@vue/compiler-core,3
estree-walker,4
@vue/compiler-ssr,2
@vue/reactivity-transform,1
magic-string,2
sourcemap-codec,1
@vue/runtime-core,1
@vue/reactivity,1
@vue/devtools-api,1
MagicMirror,0
console-stamp,1
digest-fetch,1
express-ipfilter,1
feedme,1
helmet,1
luxon,1
module-alias,1
moment,5
node-ical,1
base-64,2
js-sha256,1
js-sha512,1
charenc,1
crypt,1
@humanwhocodes/object-schema,1
range_check,1
ip6,1
clarinet,1
jed,2
node-gettext,3
moment-timezone,2
rrule,1
mathjs,0
complex.js,1
escape-latex,1
javascript-natural-sort,1
seedrandom,1
typed-function,1
Modernizr,0
file,1
markdown-it,1
requirejs,1
linkify-it,1
mdurl,1
uc.micro,2
lcid,1
invert-kv,1
mojs,0
stylelint-webpack-plugin,1
NeteaseCloudMusicApi,0
express-fileupload,1
pac-proxy-agent,1
qrcode,3
safe-decode-uri-component,1
@types/range-parser,1
@types/mime,1
@types/busboy,1
busboy,1
streamsearch,1
get-uri,1
pac-resolver,1
ftp,1
xregexp,1
degenerator,1
netmask,1
ast-types,1
vm2,1
dijkstrajs,1
pngjs,3
encode-utf8,1
nexe,0
@calebboyd/semaphore,1
app-builder,1
caw,1
download,1
meriyah,2
multistream,1
resolve-dependencies,1
get-proxy,1
npm-conf,1
config-chain,2
proto-list,1
has-to-string-tag-x,1
is-object,1
has-symbol-support-x,1
@types/decompress,1
@types/got,1
archive-type,1
decompress,1
ext-name,1
p-event,1
decompress-tar,3
decompress-tarbz2,1
decompress-targz,1
decompress-unzip,1
strip-dirs,1
seek-bzip,1
is-natural-number,1
ext-list,1
sort-keys-length,1
sort-keys,1
from2,1
p-is-promise,1
@types/http-cache-semantics,1
@types/keyv,1
quick-lru,2
resolve-alpn,1
nightwatch,0
@nightwatch/chai,1
@nightwatch/html-reporter-template,1
ansi-to-html,1
chai-nightwatch,1
cli-table3,1
didyoumean,1
envinfo,1
lodash.clone,1
lodash.defaultsdeep,1
lodash.escape,1
lodash.pick,1
mkpath,1
nightwatch-axe-verbose,1
open,2
selenium-webdriver,1
stacktrace-parser,1
untildify,1
loupe,1
lodash._baseclone,1
lodash._bindcallback,1
lodash._isiterateecall,1
lodash._arraycopy,1
lodash._arrayeach,1
lodash._baseassign,1
lodash._basefor,1
lodash.isarray,2
lodash.keys,2
lodash._basecopy,1
lodash._getnative,1
lodash.isarguments,1
axe-core,1
define-lazy-prop,1
@types/ws,1
jszip,2
lie,1
setimmediate,2
immediate,1
nock,0
propagate,1
peerjs,0
@swc/helpers,1
peerjs-js-binarypack,1
webrtc-adapter,1
sdp,1
phaser,0
recharts,0
classnames,2
react-resize-detector,1
react-smooth,1
recharts-scale,1
reduce-css-calc,1
victory-vendor,1
fast-equals,1
react-transition-group,2
dom-helpers,1
prop-types,11
react-lifecycles-compat,2
@types/react,12
decimal.js-light,1
css-unit-converter,1
@types/d3-array,1
@types/d3-ease,1
@types/d3-interpolate,1
@types/d3-scale,1
@types/d3-shape,1
@types/d3-time,3
@types/d3-timer,1
d3-array,2
d3-ease,1
d3-interpolate,2
d3-scale,1
d3-shape,1
d3-time,2
d3-timer,1
@types/d3-color,2
@types/d3-path,2
d3-color,1
d3-format,1
d3-time-format,1
d3-path,1
selenium,0
@apollo/client,1
@emotion/react,1
@emotion/styled,1
@mui/icons-material,1
@mui/material,1
@novnc/novnc,1
@types/react-dom,2
@types/react-modal,1
@types/react-router-dom,1
graphql,1
graphql.macro,1
react,1
react-dom,1
react-modal,1
react-router-dom,1
source-map-explorer,1
ts-standard,1
@graphql-typed-document-node/core,1
@wry/context,2
@wry/equality,1
@wry/trie,2
graphql-tag,2
hoist-non-react-statics,3
optimism,1
response-iterator,1
symbol-observable,1
ts-invariant,1
zen-observable-ts,1
zen-observable,1
@emotion/babel-plugin,3
@emotion/cache,3
@emotion/serialize,4
@emotion/use-insertion-effect-with-fallbacks,3
@emotion/utils,5
@emotion/weak-memoize,3
@emotion/hash,2
@emotion/memoize,4
babel-plugin-macros,2
stylis,2
@emotion/unitless,1
@emotion/sheet,1
@emotion/is-prop-valid,2
@mui/base,1
@mui/core-downloads-tracker,1
@mui/system,1
@mui/types,3
@mui/utils,4
@types/react-transition-group,1
clsx,3
@popperjs/core,2
@types/prop-types,3
@types/react-is,1
@types/scheduler,2
@mui/private-theming,1
@mui/styled-engine,1
@types/history,4
@types/react-router,2
babel-literal-to-ast,1
@babel/plugin-transform-react-display-name,1
@babel/plugin-transform-react-jsx,2
@babel/plugin-transform-react-jsx-development,1
@babel/plugin-transform-react-pure-annotations,1
array.prototype.tosorted,2
jsx-ast-utils,2
object.entries,2
object.fromentries,2
object.hasown,2
string.prototype.matchall,2
@types/aria-query,1
aria-query,1
dom-accessibility-api,1
lz-string,1
side-channel,2
scheduler,1
exenv,1
warning,1
history,2
react-router,1
btoa,1
temp,1
@typescript-eslint/eslint-plugin,1
@typescript-eslint/parser,2
eslint-config-standard-jsx,1
eslint-config-standard-with-typescript,1
eslint-plugin-n,1
eslint-plugin-react,1
pkg-conf,2
standard-engine,1
@typescript-eslint/scope-manager,3
@typescript-eslint/type-utils,1
@typescript-eslint/utils,2
natural-compare-lite,1
tsutils,3
@typescript-eslint/types,5
@typescript-eslint/visitor-keys,2
@typescript-eslint/typescript-estree,3
@types/semver,2
builtins,1
get-stdin,1
server,0
@chenfengyuan/vue-qrcode,1
@mdi/svg,1
@nextcloud/browserslist-config,2
@nextcloud/calendar-availability-vue,1
@nextcloud/files,1
@nextcloud/moment,1
@nextcloud/password-confirmation,1
@nextcloud/paths,1
@nextcloud/sharing,1
@nextcloud/vue,4
@nextcloud/vue-dashboard,1
autosize,1
backbone,1
blueimp-md5,1
browserslist-useragent-regexp,1
clipboard,1
colord,1
davclient.js,1
focus-visible,1
jquery-migrate,1
jquery-ui,1
jquery-ui-dist,1
libphonenumber-js,1
nextcloud-vue-collections,1
node-vibrant,1
p-queue,1
path,1
query-string,1
select2,1
snap.js,1
strengthify,1
throttle-debounce,1
underscore,2
url-search-params-polyfill,1
vue-click-outside,1
vue-cropperjs,1
vue-infinite-loading,1
vue-localstorage,1
vuedraggable,1
vuex,1
vuex-router-sync,1
webdav,1
@nextcloud/typings,2
@types/jquery,1
toastify-js,1
@floating-ui/core,1
strnum,1
@babel/polyfill,1
vue-virtual-scroller,1
scrollparent,1
vue-observe-visibility,1
tabbable,1
assert,1
browserify-zlib,1
console-browserify,1
constants-browserify,1
crypto-browserify,1
domain-browser,1
filter-obj,2
https-browserify,1
os-browserify,1
path-browserify,1
querystring-es3,1
stream-browserify,1
stream-http,1
timers-browserify,1
tty-browserify,1
util,2
vm-browserify,1
browserify-cipher,1
browserify-sign,1
create-ecdh,1
create-hash,6
create-hmac,3
diffie-hellman,1
pbkdf2,2
public-encrypt,1
randomfill,1
browserify-aes,2
browserify-des,1
evp_bytestokey,3
buffer-xor,1
cipher-base,4
md5.js,2
ripemd160,3
sha.js,3
hash-base,2
des.js,1
bn.js,8
browserify-rsa,2
elliptic,2
parse-asn1,2
brorand,2
hash.js,2
hmac-drbg,1
minimalistic-crypto-utils,2
asn1.js,2
miller-rabin,1
builtin-status-codes,1
@mapbox/hast-util-table-cell-style,1
@types/hast,4
hast-to-hyperscript,1
hast-util-whitespace,1
unist-util-visit-parents,1
@types/unist,13
unist-util-is,2
comma-separated-tokens,1
property-information,1
space-separated-tokens,2
style-to-object,1
web-namespaces,1
inline-style-parser,1
bail,1
trough,1
vfile,1
unist-util-stringify-position,3
vfile-message,1
@types/mdast,8
mdast-util-definitions,2
mdast-util-from-markdown,1
decode-named-character-reference,4
mdast-util-to-string,1
micromark,1
micromark-util-decode-numeric-character-reference,3
micromark-util-decode-string,1
micromark-util-normalize-identifier,3
micromark-util-symbol,15
micromark-util-types,13
uvu,6
character-entities,1
micromark-core-commonmark,1
micromark-factory-space,4
micromark-util-character,10
micromark-util-chunked,4
micromark-util-combine-extensions,1
micromark-util-encode,2
micromark-util-resolve-all,2
micromark-util-sanitize-uri,2
micromark-util-subtokenize,2
micromark-factory-destination,1
micromark-factory-label,1
micromark-factory-title,1
micromark-factory-whitespace,1
micromark-util-classify-character,1
micromark-util-html-tag-name,1
dequal,1
kleur,1
sade,1
mri,1
mdast-util-to-hast,1
trim-lines,1
unist-util-generated,1
unist-util-position,1
char-regex,1
clamp,1
lodash.throttle,1
material-colors,1
tinycolor2,2
date-format-parse,1
popper.js,2
dom-event-types,1
pretty,1
condense-newlines,1
js-beautify,1
is-whitespace,1
editorconfig,1
sigmund,1
argue-cli,1
easy-table,1
useragent,1
@jimp/custom,1
@jimp/plugin-resize,1
@jimp/types,1
@types/lodash,1
@jimp/core,1
@jimp/utils,6
any-base,1
exif-parser,1
load-bmfont,1
phin,2
pixelmatch,1
parse-bmfont-ascii,1
parse-bmfont-binary,1
parse-bmfont-xml,1
xhr,1
xml-parse-from-string,1
global,1
is-function,1
parse-headers,1
min-document,1
dom-walk,1
@jimp/bmp,1
@jimp/gif,1
@jimp/jpeg,1
@jimp/png,1
@jimp/tiff,1
timm,1
bmp-js,2
gifwrap,1
omggif,2
image-q,1
jpeg-js,1
utif,1
split-on-first,1
strict-uri-encode,1
cropperjs,1
byte-length,1
hot-patcher,1
layerr,1
nested-property,1
path-posix,1
url-join,1
showdown,0
simplefolio,0
bootstrap,1
vanilla-tilt,1
tesseract.js,0
idb-keyval,1
is-electron,1
is-url,1
opencollective-postinstall,1
tesseract.js-core,1
wasm-feature-detect,1
zlibjs,1
TypeScript-Node-Starter,0
bcrypt-nodejs,1
connect-mongo,1
errorhandler,1
express-flash,1
express-session,1
express-validator,1
fbgraph,1
lusca,1
mongoose,1
nodemailer,1
passport,1
passport-facebook,1
passport-local,1
pug,1
winston,2
kruptein,1
mongodb,2
@types/bson,2
bson,2
denque,1
require_optional,1
connect-flash,1
uid-safe,1
random-bytes,1
validator,2
@types/mongodb,1
kareem,1
mongoose-legacy-pluralize,1
mpath,1
mquery,1
regexp-clone,2
sift,1
sliced,2
passport-strategy,3
pause,1
@types/passport,4
passport-oauth2,1
base64url,1
oauth,1
uid2,1
@types/passport-strategy,1
@dabh/diagnostics,1
logform,1
one-time,1
stack-trace,1
triple-beam,3
winston-transport,1
colorspace,1
enabled,1
kuler,1
text-hex,1
simple-swizzle,1
is-arrayish,1
fast-safe-stringify,1
fecha,1
fn.name,1
wtfjs,0
default-pager,1
meow,1
msee,1
@types/minimist,2
camelcase-keys,1
decamelize-keys,1
hard-rejection,1
minimist-options,1
redent,1
trim-newlines,1
map-obj,2
strip-indent,1
min-indent,1
ansicolors,2
cardinal,1
combined-stream-wait-for-it,1
table-header,1
wcstring,1
redeyed,1
varsize-string,1
wcsize,1
zx,0
@types/ps-tree,1
@types/which,1
ps-tree,1
webpod,1
node-domexception,1
web-streams-polyfill,1
,0
undefined,1
